{"val_avg_return":-717752.75,"avg_normalized_return":-17.124581377280844,"_runtime":277,"_step":104,"episode":100,"avg_true_return":-1.0231433125e+06,"total_true_return":-1.0231433125e+06,"episode_steps":600,"_timestamp":1.7697791039595451e+09,"val_episode":100,"val_return_std":144201.765625,"total_normalized_return":-17.124581377280844,"val_agent_gate_2_return":-717752.75,"_wandb":{"runtime":277},"agent_gate_2_normalized_return":-17.124581377280844,"agent_gate_2_true_return":-1.0231433125e+06}