{"agent_gate_2_normalized_return":-0.9373778207318277,"_runtime":1288,"val_episode":200,"avg_true_return":-2.95976448e+08,"episode":200,"agent_gate_2_true_return":-2.95976448e+08,"_wandb":{"runtime":1288},"val_avg_return":-2.804608e+08,"episode_steps":600,"_timestamp":1.7696865572807539e+09,"avg_normalized_return":-0.9373778207318277,"val_return_std":544213.9375,"val_agent_gate_2_return":-2.804608e+08,"total_normalized_return":-0.9373778207318277,"total_true_return":-2.95976448e+08,"_step":209}