{"_step":109,"_wandb":{"runtime":298},"avg_true_return":-671.0802001953125,"val_avg_return":-2080.50146484375,"agent_gate_2_normalized_return":-4.208957454527151,"val_episode":100,"avg_normalized_return":-4.208957454527151,"_timestamp":1.769698540921578e+09,"_runtime":298,"episode_steps":600,"agent_gate_2_true_return":-671.0802001953125,"total_normalized_return":-4.208957454527151,"val_agent_gate_2_return":-2080.50146484375,"episode":100,"total_true_return":-671.0802001953125,"val_return_std":698.946044921875}