{"_wandb":{"runtime":305},"val_agent_gate_2_return":-860780.125,"val_episode":100,"total_normalized_return":-0.6203326358197275,"val_avg_return":-860780.125,"avg_true_return":-831638.75,"total_true_return":-831638.75,"episode_steps":600,"agent_gate_2_normalized_return":-0.6203326358197275,"_timestamp":1.769789739774924e+09,"agent_gate_2_true_return":-831638.75,"_runtime":305,"_step":104,"episode":100,"val_return_std":31059.90625,"avg_normalized_return":-0.6203326358197275}