{"_step":219,"val_agent_gate_2_return":-2.41852112e+08,"episode_steps":600,"total_true_return":-3.03981088e+08,"avg_true_return":-3.03981088e+08,"val_return_std":1.99835792e+08,"val_avg_return":-2.41852112e+08,"agent_gate_2_true_return":-3.03981088e+08,"val_episode":200,"episode":200,"agent_gate_2_normalized_return":-0.0005611712251315171,"_wandb":{"runtime":578},"_runtime":578,"_timestamp":1.7697106974224708e+09,"total_normalized_return":-0.0005611712251315171,"avg_normalized_return":-0.0005611712251315171}