{"val_agent_gate_2_return":-747613.8125,"_timestamp":1.7698099707994812e+09,"_runtime":595,"_step":209,"avg_normalized_return":-7.854694932198341,"val_return_std":49971.1875,"agent_gate_2_normalized_return":-7.854694932198341,"agent_gate_2_true_return":-1.169498625e+06,"_wandb":{"runtime":595},"val_episode":200,"val_avg_return":-747613.8125,"avg_true_return":-1.169498625e+06,"total_normalized_return":-7.854694932198341,"episode":200,"episode_steps":600,"total_true_return":-1.169498625e+06}