{"_wandb":{"runtime":238},"agent_gate_2_normalized_return":-5.380046933290333,"avg_true_return":-2.132896e+08,"val_agent_gate_2_return":-3.01746432e+08,"total_true_return":-2.132896e+08,"episode":50,"val_episode":50,"episode_steps":600,"agent_gate_2_true_return":-2.132896e+08,"_runtime":238,"avg_normalized_return":-5.380046933290333,"_timestamp":1.7696944476420128e+09,"val_avg_return":-3.01746432e+08,"val_return_std":1.56657328e+08,"_step":54,"total_normalized_return":-5.380046933290333}