{"_wandb":{"runtime":537},"avg_normalized_return":-5.426681111379339,"_runtime":537,"episode_steps":600,"val_agent_gate_2_return":-1.014906375e+06,"_timestamp":1.769808842799186e+09,"total_normalized_return":-5.426681111379339,"_step":157,"avg_true_return":-1.041496625e+06,"val_return_std":278113.65625,"val_episode":150,"episode":150,"agent_gate_2_true_return":-1.041496625e+06,"total_true_return":-1.041496625e+06,"val_avg_return":-1.014906375e+06,"agent_gate_2_normalized_return":-5.426681111379339}