{"_wandb":{"runtime":2012},"val_episode":100,"_timestamp":1.76972324507229e+09,"val_return_std":520142.53125,"episode_steps":500,"_runtime":2012,"val_avg_return":-690864.875,"total_normalized_return":-1.2883434229701816,"_step":109,"total_true_return":-309998.25,"val_agent_gate_23_return":-690864.875,"avg_true_return":-309998.25,"agent_gate_23_true_return":-309998.25,"agent_gate_23_normalized_return":-1.2883434229701816,"episode":100,"avg_normalized_return":-1.2883434229701816}