2026-02-16 15:23:59,514 - pednstream.ltm.network - INFO - Network initialization started, assign flows type: classic
2026-02-16 15:23:59,514 - pednstream.ltm.network - INFO - Controller configuration: enabled: True, nodes: {2}, links: []
2026-02-16 15:23:59,515 - pednstream.ltm.network - INFO - Total demand of origin node 0: 32975
2026-02-16 15:23:59,516 - pednstream.ltm.network - INFO - Total demand of origin node 1: 16610
2026-02-16 15:23:59,516 - pednstream.ltm.network - INFO - Total demand of origin node 7: 8897
2026-02-16 15:23:59,516 - pednstream.ltm.network - INFO - Total demand of origin node 8: 4109
2026-02-16 15:23:59,516 - pednstream.ltm.network - INFO - Network initialized with 9 nodes and 20 links
2026-02-16 15:23:59,518 - pednstream.ltm.network - INFO - Controller node 2: Added 0 detour path(s) for OD (0, 7)
2026-02-16 15:23:59,518 - pednstream.ltm.network - INFO - Controller node 2: Added 0 detour path(s) for OD (7, 1)
2026-02-16 15:23:59,519 - pednstream.ltm.network - INFO - Controller node 2: Added 0 detour path(s) for OD (8, 1)
2026-02-16 15:23:59,519 - pednstream.ltm.network - INFO - Controller node 2: Added 0 detour path(s) for OD (1, 8)
2026-02-16 15:23:59,520 - pednstream.ltm.network - INFO - Controller node 2: Added 0 detour path(s) for OD (7, 0)
2026-02-16 15:23:59,520 - pednstream.ltm.network - INFO - Controller node 2: Added 0 detour path(s) for OD (8, 0)
2026-02-16 15:23:59,521 - pednstream.ltm.network - INFO - Controller node 2: Added 0 detour path(s) for OD (1, 7)
2026-02-16 15:23:59,521 - pednstream.ltm.network - INFO - Controller node 2: Added 0 detour path(s) for OD (0, 8)
2026-02-16 15:23:59,523 - pednstream.ltm.network - INFO - Network initialization started, assign flows type: classic
2026-02-16 15:23:59,523 - pednstream.ltm.network - INFO - Controller configuration: enabled: True, nodes: {2}, links: []
2026-02-16 15:23:59,523 - pednstream.ltm.network - INFO - Total demand of origin node 0: 30468
2026-02-16 15:23:59,523 - pednstream.ltm.network - INFO - Total demand of origin node 1: 16621
2026-02-16 15:23:59,524 - pednstream.ltm.network - INFO - Total demand of origin node 7: 9033
2026-02-16 15:23:59,524 - pednstream.ltm.network - INFO - Total demand of origin node 8: 6567
2026-02-16 15:23:59,524 - pednstream.ltm.network - INFO - Network initialized with 9 nodes and 20 links
2026-02-16 15:23:59,526 - pednstream.ltm.network - INFO - Controller node 2: Added 0 detour path(s) for OD (0, 7)
2026-02-16 15:23:59,526 - pednstream.ltm.network - INFO - Controller node 2: Added 0 detour path(s) for OD (7, 1)
2026-02-16 15:23:59,526 - pednstream.ltm.network - INFO - Controller node 2: Added 0 detour path(s) for OD (8, 1)
2026-02-16 15:23:59,527 - pednstream.ltm.network - INFO - Controller node 2: Added 0 detour path(s) for OD (1, 8)
2026-02-16 15:23:59,527 - pednstream.ltm.network - INFO - Controller node 2: Added 0 detour path(s) for OD (7, 0)
2026-02-16 15:23:59,528 - pednstream.ltm.network - INFO - Controller node 2: Added 0 detour path(s) for OD (8, 0)
2026-02-16 15:23:59,528 - pednstream.ltm.network - INFO - Controller node 2: Added 0 detour path(s) for OD (1, 7)
2026-02-16 15:23:59,529 - pednstream.ltm.network - INFO - Controller node 2: Added 0 detour path(s) for OD (0, 8)
2026-02-16 15:24:41,160 - pednstream.ltm.network - INFO - Network initialization started, assign flows type: classic
2026-02-16 15:24:41,160 - pednstream.ltm.network - INFO - Controller configuration: enabled: True, nodes: {2}, links: []
2026-02-16 15:24:41,162 - pednstream.ltm.network - INFO - Total demand of origin node 0: 13853
2026-02-16 15:24:41,162 - pednstream.ltm.network - INFO - Total demand of origin node 1: 16556
2026-02-16 15:24:41,163 - pednstream.ltm.network - INFO - Total demand of origin node 7: 8898
2026-02-16 15:24:41,163 - pednstream.ltm.network - INFO - Total demand of origin node 8: 6307
2026-02-16 15:24:41,163 - pednstream.ltm.network - INFO - Network initialized with 9 nodes and 20 links
2026-02-16 15:24:41,165 - pednstream.ltm.network - INFO - Controller node 2: Added 0 detour path(s) for OD (0, 7)
2026-02-16 15:24:41,165 - pednstream.ltm.network - INFO - Controller node 2: Added 0 detour path(s) for OD (7, 1)
2026-02-16 15:24:41,165 - pednstream.ltm.network - INFO - Controller node 2: Added 0 detour path(s) for OD (8, 1)
2026-02-16 15:24:41,166 - pednstream.ltm.network - INFO - Controller node 2: Added 0 detour path(s) for OD (1, 8)
2026-02-16 15:24:41,166 - pednstream.ltm.network - INFO - Controller node 2: Added 0 detour path(s) for OD (7, 0)
2026-02-16 15:24:41,167 - pednstream.ltm.network - INFO - Controller node 2: Added 0 detour path(s) for OD (8, 0)
2026-02-16 15:24:41,167 - pednstream.ltm.network - INFO - Controller node 2: Added 0 detour path(s) for OD (1, 7)
2026-02-16 15:24:41,168 - pednstream.ltm.network - INFO - Controller node 2: Added 0 detour path(s) for OD (0, 8)
2026-02-16 15:24:41,170 - pednstream.ltm.network - INFO - Network initialization started, assign flows type: classic
2026-02-16 15:24:41,170 - pednstream.ltm.network - INFO - Controller configuration: enabled: True, nodes: {2}, links: []
2026-02-16 15:24:41,170 - pednstream.ltm.network - INFO - Total demand of origin node 0: 8603
2026-02-16 15:24:41,170 - pednstream.ltm.network - INFO - Total demand of origin node 1: 16468
2026-02-16 15:24:41,170 - pednstream.ltm.network - INFO - Total demand of origin node 7: 8907
2026-02-16 15:24:41,171 - pednstream.ltm.network - INFO - Total demand of origin node 8: 7534
2026-02-16 15:24:41,171 - pednstream.ltm.network - INFO - Network initialized with 9 nodes and 20 links
2026-02-16 15:24:41,172 - pednstream.ltm.network - INFO - Controller node 2: Added 0 detour path(s) for OD (0, 7)
2026-02-16 15:24:41,173 - pednstream.ltm.network - INFO - Controller node 2: Added 0 detour path(s) for OD (7, 1)
2026-02-16 15:24:41,173 - pednstream.ltm.network - INFO - Controller node 2: Added 0 detour path(s) for OD (8, 1)
2026-02-16 15:24:41,174 - pednstream.ltm.network - INFO - Controller node 2: Added 0 detour path(s) for OD (1, 8)
2026-02-16 15:24:41,174 - pednstream.ltm.network - INFO - Controller node 2: Added 0 detour path(s) for OD (7, 0)
2026-02-16 15:24:41,175 - pednstream.ltm.network - INFO - Controller node 2: Added 0 detour path(s) for OD (8, 0)
2026-02-16 15:24:41,175 - pednstream.ltm.network - INFO - Controller node 2: Added 0 detour path(s) for OD (1, 7)
2026-02-16 15:24:41,176 - pednstream.ltm.network - INFO - Controller node 2: Added 0 detour path(s) for OD (0, 8)
2026-02-16 15:26:25,516 - pednstream.ltm.network - INFO - Network initialization started, assign flows type: classic
2026-02-16 15:26:25,516 - pednstream.ltm.network - INFO - Controller configuration: enabled: True, nodes: {2}, links: []
2026-02-16 15:26:25,518 - pednstream.ltm.network - INFO - Total demand of origin node 0: 35023
2026-02-16 15:26:25,518 - pednstream.ltm.network - INFO - Total demand of origin node 1: 18184
2026-02-16 15:26:25,518 - pednstream.ltm.network - INFO - Total demand of origin node 7: 9079
2026-02-16 15:26:25,518 - pednstream.ltm.network - INFO - Total demand of origin node 8: 14816
2026-02-16 15:26:25,518 - pednstream.ltm.network - INFO - Network initialized with 9 nodes and 20 links
2026-02-16 15:26:25,520 - pednstream.ltm.network - INFO - Controller node 2: Added 0 detour path(s) for OD (0, 7)
2026-02-16 15:26:25,520 - pednstream.ltm.network - INFO - Controller node 2: Added 0 detour path(s) for OD (7, 1)
2026-02-16 15:26:25,521 - pednstream.ltm.network - INFO - Controller node 2: Added 0 detour path(s) for OD (8, 1)
2026-02-16 15:26:25,521 - pednstream.ltm.network - INFO - Controller node 2: Added 0 detour path(s) for OD (1, 8)
2026-02-16 15:26:25,522 - pednstream.ltm.network - INFO - Controller node 2: Added 0 detour path(s) for OD (7, 0)
2026-02-16 15:26:25,522 - pednstream.ltm.network - INFO - Controller node 2: Added 0 detour path(s) for OD (8, 0)
2026-02-16 15:26:25,523 - pednstream.ltm.network - INFO - Controller node 2: Added 0 detour path(s) for OD (1, 7)
2026-02-16 15:26:25,523 - pednstream.ltm.network - INFO - Controller node 2: Added 0 detour path(s) for OD (0, 8)
2026-02-16 15:26:25,525 - pednstream.ltm.network - INFO - Network initialization started, assign flows type: classic
2026-02-16 15:26:25,525 - pednstream.ltm.network - INFO - Controller configuration: enabled: True, nodes: {2}, links: []
2026-02-16 15:26:25,525 - pednstream.ltm.network - INFO - Total demand of origin node 0: 18942
2026-02-16 15:26:25,525 - pednstream.ltm.network - INFO - Total demand of origin node 1: 18079
2026-02-16 15:26:25,526 - pednstream.ltm.network - INFO - Total demand of origin node 7: 8890
2026-02-16 15:26:25,526 - pednstream.ltm.network - INFO - Total demand of origin node 8: 17043
2026-02-16 15:26:25,526 - pednstream.ltm.network - INFO - Network initialized with 9 nodes and 20 links
2026-02-16 15:26:25,528 - pednstream.ltm.network - INFO - Controller node 2: Added 0 detour path(s) for OD (0, 7)
2026-02-16 15:26:25,529 - pednstream.ltm.network - INFO - Controller node 2: Added 0 detour path(s) for OD (7, 1)
2026-02-16 15:26:25,529 - pednstream.ltm.network - INFO - Controller node 2: Added 0 detour path(s) for OD (8, 1)
2026-02-16 15:26:25,530 - pednstream.ltm.network - INFO - Controller node 2: Added 0 detour path(s) for OD (1, 8)
2026-02-16 15:26:25,530 - pednstream.ltm.network - INFO - Controller node 2: Added 0 detour path(s) for OD (7, 0)
2026-02-16 15:26:25,530 - pednstream.ltm.network - INFO - Controller node 2: Added 0 detour path(s) for OD (8, 0)
2026-02-16 15:26:25,531 - pednstream.ltm.network - INFO - Controller node 2: Added 0 detour path(s) for OD (1, 7)
2026-02-16 15:26:25,531 - pednstream.ltm.network - INFO - Controller node 2: Added 0 detour path(s) for OD (0, 8)
2026-02-16 15:28:06,655 - pednstream.ltm.network - INFO - Network initialization started, assign flows type: classic
2026-02-16 15:28:06,655 - pednstream.ltm.network - INFO - Controller configuration: enabled: True, nodes: {2}, links: []
2026-02-16 15:28:06,657 - pednstream.ltm.network - INFO - Total demand of origin node 0: 28663
2026-02-16 15:28:06,657 - pednstream.ltm.network - INFO - Total demand of origin node 1: 25706
2026-02-16 15:28:06,657 - pednstream.ltm.network - INFO - Total demand of origin node 7: 16398
2026-02-16 15:28:06,657 - pednstream.ltm.network - INFO - Total demand of origin node 8: 29913
2026-02-16 15:28:06,658 - pednstream.ltm.network - INFO - Network initialized with 9 nodes and 20 links
2026-02-16 15:28:06,659 - pednstream.ltm.network - INFO - Controller node 2: Added 0 detour path(s) for OD (0, 7)
2026-02-16 15:28:06,660 - pednstream.ltm.network - INFO - Controller node 2: Added 0 detour path(s) for OD (7, 1)
2026-02-16 15:28:06,660 - pednstream.ltm.network - INFO - Controller node 2: Added 0 detour path(s) for OD (8, 1)
2026-02-16 15:28:06,660 - pednstream.ltm.network - INFO - Controller node 2: Added 0 detour path(s) for OD (1, 8)
2026-02-16 15:28:06,661 - pednstream.ltm.network - INFO - Controller node 2: Added 0 detour path(s) for OD (7, 0)
2026-02-16 15:28:06,661 - pednstream.ltm.network - INFO - Controller node 2: Added 0 detour path(s) for OD (8, 0)
2026-02-16 15:28:06,662 - pednstream.ltm.network - INFO - Controller node 2: Added 0 detour path(s) for OD (1, 7)
2026-02-16 15:28:06,662 - pednstream.ltm.network - INFO - Controller node 2: Added 0 detour path(s) for OD (0, 8)
2026-02-16 15:28:06,664 - pednstream.ltm.network - INFO - Network initialization started, assign flows type: classic
2026-02-16 15:28:06,664 - pednstream.ltm.network - INFO - Controller configuration: enabled: True, nodes: {2}, links: []
2026-02-16 15:28:06,664 - pednstream.ltm.network - INFO - Total demand of origin node 0: 22946
2026-02-16 15:28:06,664 - pednstream.ltm.network - INFO - Total demand of origin node 1: 25368
2026-02-16 15:28:06,664 - pednstream.ltm.network - INFO - Total demand of origin node 7: 16589
2026-02-16 15:28:06,664 - pednstream.ltm.network - INFO - Total demand of origin node 8: 31856
2026-02-16 15:28:06,664 - pednstream.ltm.network - INFO - Network initialized with 9 nodes and 20 links
2026-02-16 15:28:06,666 - pednstream.ltm.network - INFO - Controller node 2: Added 0 detour path(s) for OD (0, 7)
2026-02-16 15:28:06,667 - pednstream.ltm.network - INFO - Controller node 2: Added 0 detour path(s) for OD (7, 1)
2026-02-16 15:28:06,667 - pednstream.ltm.network - INFO - Controller node 2: Added 0 detour path(s) for OD (8, 1)
2026-02-16 15:28:06,667 - pednstream.ltm.network - INFO - Controller node 2: Added 0 detour path(s) for OD (1, 8)
2026-02-16 15:28:06,668 - pednstream.ltm.network - INFO - Controller node 2: Added 0 detour path(s) for OD (7, 0)
2026-02-16 15:28:06,668 - pednstream.ltm.network - INFO - Controller node 2: Added 0 detour path(s) for OD (8, 0)
2026-02-16 15:28:06,669 - pednstream.ltm.network - INFO - Controller node 2: Added 0 detour path(s) for OD (1, 7)
2026-02-16 15:28:06,669 - pednstream.ltm.network - INFO - Controller node 2: Added 0 detour path(s) for OD (0, 8)
2026-02-16 15:28:38,132 - pednstream.ltm.network - INFO - Network initialization started, assign flows type: classic
2026-02-16 15:28:38,132 - pednstream.ltm.network - INFO - Controller configuration: enabled: True, nodes: {2}, links: []
2026-02-16 15:28:38,132 - pednstream.ltm.network - INFO - Total demand of origin node 0: 39549
2026-02-16 15:28:38,133 - pednstream.ltm.network - INFO - Total demand of origin node 1: 25313
2026-02-16 15:28:38,133 - pednstream.ltm.network - INFO - Total demand of origin node 7: 16429
2026-02-16 15:28:38,133 - pednstream.ltm.network - INFO - Total demand of origin node 8: 24609
2026-02-16 15:28:38,133 - pednstream.ltm.network - INFO - Network initialized with 9 nodes and 20 links
2026-02-16 15:28:38,135 - pednstream.ltm.network - INFO - Controller node 2: Added 0 detour path(s) for OD (0, 7)
2026-02-16 15:28:38,135 - pednstream.ltm.network - INFO - Controller node 2: Added 0 detour path(s) for OD (7, 1)
2026-02-16 15:28:38,136 - pednstream.ltm.network - INFO - Controller node 2: Added 0 detour path(s) for OD (8, 1)
2026-02-16 15:28:38,136 - pednstream.ltm.network - INFO - Controller node 2: Added 0 detour path(s) for OD (1, 8)
2026-02-16 15:28:38,137 - pednstream.ltm.network - INFO - Controller node 2: Added 0 detour path(s) for OD (7, 0)
2026-02-16 15:28:38,137 - pednstream.ltm.network - INFO - Controller node 2: Added 0 detour path(s) for OD (8, 0)
2026-02-16 15:28:38,138 - pednstream.ltm.network - INFO - Controller node 2: Added 0 detour path(s) for OD (1, 7)
2026-02-16 15:28:38,138 - pednstream.ltm.network - INFO - Controller node 2: Added 0 detour path(s) for OD (0, 8)
2026-02-16 15:28:38,139 - pednstream.ltm.network - INFO - Network initialization started, assign flows type: classic
2026-02-16 15:28:38,139 - pednstream.ltm.network - INFO - Controller configuration: enabled: True, nodes: {2}, links: []
2026-02-16 15:28:38,139 - pednstream.ltm.network - INFO - Total demand of origin node 0: 24871
2026-02-16 15:28:38,139 - pednstream.ltm.network - INFO - Total demand of origin node 1: 25482
2026-02-16 15:28:38,140 - pednstream.ltm.network - INFO - Total demand of origin node 7: 16413
2026-02-16 15:28:38,140 - pednstream.ltm.network - INFO - Total demand of origin node 8: 17462
2026-02-16 15:28:38,140 - pednstream.ltm.network - INFO - Network initialized with 9 nodes and 20 links
2026-02-16 15:28:38,142 - pednstream.ltm.network - INFO - Controller node 2: Added 0 detour path(s) for OD (0, 7)
2026-02-16 15:28:38,142 - pednstream.ltm.network - INFO - Controller node 2: Added 0 detour path(s) for OD (7, 1)
2026-02-16 15:28:38,142 - pednstream.ltm.network - INFO - Controller node 2: Added 0 detour path(s) for OD (8, 1)
2026-02-16 15:28:38,143 - pednstream.ltm.network - INFO - Controller node 2: Added 0 detour path(s) for OD (1, 8)
2026-02-16 15:28:38,143 - pednstream.ltm.network - INFO - Controller node 2: Added 0 detour path(s) for OD (7, 0)
2026-02-16 15:28:38,144 - pednstream.ltm.network - INFO - Controller node 2: Added 0 detour path(s) for OD (8, 0)
2026-02-16 15:28:38,144 - pednstream.ltm.network - INFO - Controller node 2: Added 0 detour path(s) for OD (1, 7)
2026-02-16 15:28:38,145 - pednstream.ltm.network - INFO - Controller node 2: Added 0 detour path(s) for OD (0, 8)
2026-02-16 15:28:46,712 - pednstream.ltm.network - INFO - Network initialization started, assign flows type: classic
2026-02-16 15:28:46,712 - pednstream.ltm.network - INFO - Controller configuration: enabled: True, nodes: {2}, links: []
2026-02-16 15:28:46,712 - pednstream.ltm.network - INFO - Total demand of origin node 0: 24856
2026-02-16 15:28:46,712 - pednstream.ltm.network - INFO - Total demand of origin node 1: 25553
2026-02-16 15:28:46,713 - pednstream.ltm.network - INFO - Total demand of origin node 7: 16550
2026-02-16 15:28:46,713 - pednstream.ltm.network - INFO - Total demand of origin node 8: 21278
2026-02-16 15:28:46,713 - pednstream.ltm.network - INFO - Network initialized with 9 nodes and 20 links
2026-02-16 15:28:46,715 - pednstream.ltm.network - INFO - Controller node 2: Added 0 detour path(s) for OD (0, 7)
2026-02-16 15:28:46,715 - pednstream.ltm.network - INFO - Controller node 2: Added 0 detour path(s) for OD (7, 1)
2026-02-16 15:28:46,715 - pednstream.ltm.network - INFO - Controller node 2: Added 0 detour path(s) for OD (8, 1)
2026-02-16 15:28:46,716 - pednstream.ltm.network - INFO - Controller node 2: Added 0 detour path(s) for OD (1, 8)
2026-02-16 15:28:46,716 - pednstream.ltm.network - INFO - Controller node 2: Added 0 detour path(s) for OD (7, 0)
2026-02-16 15:28:46,717 - pednstream.ltm.network - INFO - Controller node 2: Added 0 detour path(s) for OD (8, 0)
2026-02-16 15:28:46,717 - pednstream.ltm.network - INFO - Controller node 2: Added 0 detour path(s) for OD (1, 7)
2026-02-16 15:28:46,718 - pednstream.ltm.network - INFO - Controller node 2: Added 0 detour path(s) for OD (0, 8)
2026-02-16 15:28:46,719 - pednstream.ltm.network - INFO - Network initialization started, assign flows type: classic
2026-02-16 15:28:46,719 - pednstream.ltm.network - INFO - Controller configuration: enabled: True, nodes: {2}, links: []
2026-02-16 15:28:46,719 - pednstream.ltm.network - INFO - Total demand of origin node 0: 15108
2026-02-16 15:28:46,719 - pednstream.ltm.network - INFO - Total demand of origin node 1: 25589
2026-02-16 15:28:46,719 - pednstream.ltm.network - INFO - Total demand of origin node 7: 16493
2026-02-16 15:28:46,720 - pednstream.ltm.network - INFO - Total demand of origin node 8: 31325
2026-02-16 15:28:46,720 - pednstream.ltm.network - INFO - Network initialized with 9 nodes and 20 links
2026-02-16 15:28:46,721 - pednstream.ltm.network - INFO - Controller node 2: Added 0 detour path(s) for OD (0, 7)
2026-02-16 15:28:46,722 - pednstream.ltm.network - INFO - Controller node 2: Added 0 detour path(s) for OD (7, 1)
2026-02-16 15:28:46,722 - pednstream.ltm.network - INFO - Controller node 2: Added 0 detour path(s) for OD (8, 1)
2026-02-16 15:28:46,723 - pednstream.ltm.network - INFO - Controller node 2: Added 0 detour path(s) for OD (1, 8)
2026-02-16 15:28:46,723 - pednstream.ltm.network - INFO - Controller node 2: Added 0 detour path(s) for OD (7, 0)
2026-02-16 15:28:46,724 - pednstream.ltm.network - INFO - Controller node 2: Added 0 detour path(s) for OD (8, 0)
2026-02-16 15:28:46,724 - pednstream.ltm.network - INFO - Controller node 2: Added 0 detour path(s) for OD (1, 7)
2026-02-16 15:28:46,725 - pednstream.ltm.network - INFO - Controller node 2: Added 0 detour path(s) for OD (0, 8)
2026-02-16 15:29:33,680 - pednstream.ltm.network - INFO - Network initialization started, assign flows type: classic
2026-02-16 15:29:33,680 - pednstream.ltm.network - INFO - Controller configuration: enabled: True, nodes: {2}, links: []
2026-02-16 15:29:33,681 - pednstream.ltm.network - INFO - Total demand of origin node 0: 18975
2026-02-16 15:29:33,681 - pednstream.ltm.network - INFO - Total demand of origin node 1: 13597
2026-02-16 15:29:33,682 - pednstream.ltm.network - INFO - Total demand of origin node 7: 16929
2026-02-16 15:29:33,682 - pednstream.ltm.network - INFO - Total demand of origin node 8: 28002
2026-02-16 15:29:33,682 - pednstream.ltm.network - INFO - Network initialized with 9 nodes and 20 links
2026-02-16 15:29:33,684 - pednstream.ltm.network - INFO - Controller node 2: Added 0 detour path(s) for OD (0, 7)
2026-02-16 15:29:33,684 - pednstream.ltm.network - INFO - Controller node 2: Added 0 detour path(s) for OD (7, 1)
2026-02-16 15:29:33,685 - pednstream.ltm.network - INFO - Controller node 2: Added 0 detour path(s) for OD (8, 1)
2026-02-16 15:29:33,685 - pednstream.ltm.network - INFO - Controller node 2: Added 0 detour path(s) for OD (1, 8)
2026-02-16 15:29:33,686 - pednstream.ltm.network - INFO - Controller node 2: Added 0 detour path(s) for OD (7, 0)
2026-02-16 15:29:33,686 - pednstream.ltm.network - INFO - Controller node 2: Added 0 detour path(s) for OD (8, 0)
2026-02-16 15:29:33,687 - pednstream.ltm.network - INFO - Controller node 2: Added 0 detour path(s) for OD (1, 7)
2026-02-16 15:29:33,687 - pednstream.ltm.network - INFO - Controller node 2: Added 0 detour path(s) for OD (0, 8)
2026-02-16 15:29:33,689 - pednstream.ltm.network - INFO - Network initialization started, assign flows type: classic
2026-02-16 15:29:33,689 - pednstream.ltm.network - INFO - Controller configuration: enabled: True, nodes: {2}, links: []
2026-02-16 15:29:33,689 - pednstream.ltm.network - INFO - Total demand of origin node 0: 18665
2026-02-16 15:29:33,689 - pednstream.ltm.network - INFO - Total demand of origin node 1: 13398
2026-02-16 15:29:33,689 - pednstream.ltm.network - INFO - Total demand of origin node 7: 16472
2026-02-16 15:29:33,689 - pednstream.ltm.network - INFO - Total demand of origin node 8: 31939
2026-02-16 15:29:33,690 - pednstream.ltm.network - INFO - Network initialized with 9 nodes and 20 links
2026-02-16 15:29:33,691 - pednstream.ltm.network - INFO - Controller node 2: Added 0 detour path(s) for OD (0, 7)
2026-02-16 15:29:33,692 - pednstream.ltm.network - INFO - Controller node 2: Added 0 detour path(s) for OD (7, 1)
2026-02-16 15:29:33,692 - pednstream.ltm.network - INFO - Controller node 2: Added 0 detour path(s) for OD (8, 1)
2026-02-16 15:29:33,693 - pednstream.ltm.network - INFO - Controller node 2: Added 0 detour path(s) for OD (1, 8)
2026-02-16 15:29:33,693 - pednstream.ltm.network - INFO - Controller node 2: Added 0 detour path(s) for OD (7, 0)
2026-02-16 15:29:33,693 - pednstream.ltm.network - INFO - Controller node 2: Added 0 detour path(s) for OD (8, 0)
2026-02-16 15:29:33,694 - pednstream.ltm.network - INFO - Controller node 2: Added 0 detour path(s) for OD (1, 7)
2026-02-16 15:29:33,694 - pednstream.ltm.network - INFO - Controller node 2: Added 0 detour path(s) for OD (0, 8)
2026-02-16 15:30:19,841 - pednstream.ltm.network - INFO - Network initialization started, assign flows type: classic
2026-02-16 15:30:19,842 - pednstream.ltm.network - INFO - Controller configuration: enabled: True, nodes: {2}, links: []
2026-02-16 15:30:19,843 - pednstream.ltm.network - INFO - Total demand of origin node 0: 16124
2026-02-16 15:30:19,843 - pednstream.ltm.network - INFO - Total demand of origin node 1: 13339
2026-02-16 15:30:19,844 - pednstream.ltm.network - INFO - Total demand of origin node 7: 16568
2026-02-16 15:30:19,844 - pednstream.ltm.network - INFO - Total demand of origin node 8: 13810
2026-02-16 15:30:19,844 - pednstream.ltm.network - INFO - Network initialized with 9 nodes and 20 links
2026-02-16 15:30:19,846 - pednstream.ltm.network - INFO - Controller node 2: Added 0 detour path(s) for OD (0, 7)
2026-02-16 15:30:19,846 - pednstream.ltm.network - INFO - Controller node 2: Added 0 detour path(s) for OD (7, 1)
2026-02-16 15:30:19,847 - pednstream.ltm.network - INFO - Controller node 2: Added 0 detour path(s) for OD (8, 1)
2026-02-16 15:30:19,847 - pednstream.ltm.network - INFO - Controller node 2: Added 0 detour path(s) for OD (1, 8)
2026-02-16 15:30:19,847 - pednstream.ltm.network - INFO - Controller node 2: Added 0 detour path(s) for OD (7, 0)
2026-02-16 15:30:19,848 - pednstream.ltm.network - INFO - Controller node 2: Added 0 detour path(s) for OD (8, 0)
2026-02-16 15:30:19,848 - pednstream.ltm.network - INFO - Controller node 2: Added 0 detour path(s) for OD (1, 7)
2026-02-16 15:30:19,849 - pednstream.ltm.network - INFO - Controller node 2: Added 0 detour path(s) for OD (0, 8)
2026-02-16 15:30:19,851 - pednstream.ltm.network - INFO - Network initialization started, assign flows type: classic
2026-02-16 15:30:19,851 - pednstream.ltm.network - INFO - Controller configuration: enabled: True, nodes: {2}, links: []
2026-02-16 15:30:19,851 - pednstream.ltm.network - INFO - Total demand of origin node 0: 21404
2026-02-16 15:30:19,851 - pednstream.ltm.network - INFO - Total demand of origin node 1: 13527
2026-02-16 15:30:19,851 - pednstream.ltm.network - INFO - Total demand of origin node 7: 16654
2026-02-16 15:30:19,851 - pednstream.ltm.network - INFO - Total demand of origin node 8: 28938
2026-02-16 15:30:19,852 - pednstream.ltm.network - INFO - Network initialized with 9 nodes and 20 links
2026-02-16 15:30:19,853 - pednstream.ltm.network - INFO - Controller node 2: Added 0 detour path(s) for OD (0, 7)
2026-02-16 15:30:19,853 - pednstream.ltm.network - INFO - Controller node 2: Added 0 detour path(s) for OD (7, 1)
2026-02-16 15:30:19,854 - pednstream.ltm.network - INFO - Controller node 2: Added 0 detour path(s) for OD (8, 1)
2026-02-16 15:30:19,854 - pednstream.ltm.network - INFO - Controller node 2: Added 0 detour path(s) for OD (1, 8)
2026-02-16 15:30:19,854 - pednstream.ltm.network - INFO - Controller node 2: Added 0 detour path(s) for OD (7, 0)
2026-02-16 15:30:19,855 - pednstream.ltm.network - INFO - Controller node 2: Added 0 detour path(s) for OD (8, 0)
2026-02-16 15:30:19,855 - pednstream.ltm.network - INFO - Controller node 2: Added 0 detour path(s) for OD (1, 7)
2026-02-16 15:30:19,856 - pednstream.ltm.network - INFO - Controller node 2: Added 0 detour path(s) for OD (0, 8)
2026-02-16 15:31:40,007 - pednstream.ltm.network - INFO - Network initialization started, assign flows type: classic
2026-02-16 15:31:40,008 - pednstream.ltm.network - INFO - Controller configuration: enabled: True, nodes: {2}, links: []
2026-02-16 15:31:40,009 - pednstream.ltm.network - INFO - Total demand of origin node 0: 32829
2026-02-16 15:31:40,010 - pednstream.ltm.network - INFO - Total demand of origin node 1: 13502
2026-02-16 15:31:40,010 - pednstream.ltm.network - INFO - Total demand of origin node 7: 16529
2026-02-16 15:31:40,010 - pednstream.ltm.network - INFO - Total demand of origin node 8: 29205
2026-02-16 15:31:40,010 - pednstream.ltm.network - INFO - Network initialized with 9 nodes and 20 links
2026-02-16 15:31:40,012 - pednstream.ltm.network - INFO - Controller node 2: Added 0 detour path(s) for OD (0, 7)
2026-02-16 15:31:40,012 - pednstream.ltm.network - INFO - Controller node 2: Added 0 detour path(s) for OD (7, 1)
2026-02-16 15:31:40,013 - pednstream.ltm.network - INFO - Controller node 2: Added 0 detour path(s) for OD (8, 1)
2026-02-16 15:31:40,013 - pednstream.ltm.network - INFO - Controller node 2: Added 0 detour path(s) for OD (1, 8)
2026-02-16 15:31:40,014 - pednstream.ltm.network - INFO - Controller node 2: Added 0 detour path(s) for OD (7, 0)
2026-02-16 15:31:40,014 - pednstream.ltm.network - INFO - Controller node 2: Added 0 detour path(s) for OD (8, 0)
2026-02-16 15:31:40,015 - pednstream.ltm.network - INFO - Controller node 2: Added 0 detour path(s) for OD (1, 7)
2026-02-16 15:31:40,015 - pednstream.ltm.network - INFO - Controller node 2: Added 0 detour path(s) for OD (0, 8)
2026-02-16 15:31:40,016 - pednstream.ltm.network - INFO - Network initialization started, assign flows type: classic
2026-02-16 15:31:40,016 - pednstream.ltm.network - INFO - Controller configuration: enabled: True, nodes: {2}, links: []
2026-02-16 15:31:40,016 - pednstream.ltm.network - INFO - Total demand of origin node 0: 36597
2026-02-16 15:31:40,017 - pednstream.ltm.network - INFO - Total demand of origin node 1: 13487
2026-02-16 15:31:40,017 - pednstream.ltm.network - INFO - Total demand of origin node 7: 16633
2026-02-16 15:31:40,017 - pednstream.ltm.network - INFO - Total demand of origin node 8: 23293
2026-02-16 15:31:40,017 - pednstream.ltm.network - INFO - Network initialized with 9 nodes and 20 links
2026-02-16 15:31:40,019 - pednstream.ltm.network - INFO - Controller node 2: Added 0 detour path(s) for OD (0, 7)
2026-02-16 15:31:40,020 - pednstream.ltm.network - INFO - Controller node 2: Added 0 detour path(s) for OD (7, 1)
2026-02-16 15:31:40,020 - pednstream.ltm.network - INFO - Controller node 2: Added 0 detour path(s) for OD (8, 1)
2026-02-16 15:31:40,021 - pednstream.ltm.network - INFO - Controller node 2: Added 0 detour path(s) for OD (1, 8)
2026-02-16 15:31:40,021 - pednstream.ltm.network - INFO - Controller node 2: Added 0 detour path(s) for OD (7, 0)
2026-02-16 15:31:40,021 - pednstream.ltm.network - INFO - Controller node 2: Added 0 detour path(s) for OD (8, 0)
2026-02-16 15:31:40,022 - pednstream.ltm.network - INFO - Controller node 2: Added 0 detour path(s) for OD (1, 7)
2026-02-16 15:31:40,022 - pednstream.ltm.network - INFO - Controller node 2: Added 0 detour path(s) for OD (0, 8)
2026-02-16 15:33:18,615 - pednstream.ltm.network - INFO - Network initialization started, assign flows type: classic
2026-02-16 15:33:18,615 - pednstream.ltm.network - INFO - Controller configuration: enabled: True, nodes: {2}, links: []
2026-02-16 15:33:18,617 - pednstream.ltm.network - INFO - Total demand of origin node 0: 34627
2026-02-16 15:33:18,617 - pednstream.ltm.network - INFO - Total demand of origin node 1: 13608
2026-02-16 15:33:18,618 - pednstream.ltm.network - INFO - Total demand of origin node 7: 16342
2026-02-16 15:33:18,618 - pednstream.ltm.network - INFO - Total demand of origin node 8: 30044
2026-02-16 15:33:18,618 - pednstream.ltm.network - INFO - Network initialized with 9 nodes and 20 links
2026-02-16 15:33:18,620 - pednstream.ltm.network - INFO - Controller node 2: Added 0 detour path(s) for OD (0, 7)
2026-02-16 15:33:18,620 - pednstream.ltm.network - INFO - Controller node 2: Added 0 detour path(s) for OD (7, 1)
2026-02-16 15:33:18,620 - pednstream.ltm.network - INFO - Controller node 2: Added 0 detour path(s) for OD (8, 1)
2026-02-16 15:33:18,621 - pednstream.ltm.network - INFO - Controller node 2: Added 0 detour path(s) for OD (1, 8)
2026-02-16 15:33:18,621 - pednstream.ltm.network - INFO - Controller node 2: Added 0 detour path(s) for OD (7, 0)
2026-02-16 15:33:18,622 - pednstream.ltm.network - INFO - Controller node 2: Added 0 detour path(s) for OD (8, 0)
2026-02-16 15:33:18,622 - pednstream.ltm.network - INFO - Controller node 2: Added 0 detour path(s) for OD (1, 7)
2026-02-16 15:33:18,623 - pednstream.ltm.network - INFO - Controller node 2: Added 0 detour path(s) for OD (0, 8)
2026-02-16 15:33:18,624 - pednstream.ltm.network - INFO - Network initialization started, assign flows type: classic
2026-02-16 15:33:18,624 - pednstream.ltm.network - INFO - Controller configuration: enabled: True, nodes: {2}, links: []
2026-02-16 15:33:18,624 - pednstream.ltm.network - INFO - Total demand of origin node 0: 36597
2026-02-16 15:33:18,625 - pednstream.ltm.network - INFO - Total demand of origin node 1: 13487
2026-02-16 15:33:18,625 - pednstream.ltm.network - INFO - Total demand of origin node 7: 16633
2026-02-16 15:33:18,625 - pednstream.ltm.network - INFO - Total demand of origin node 8: 23293
2026-02-16 15:33:18,625 - pednstream.ltm.network - INFO - Network initialized with 9 nodes and 20 links
2026-02-16 15:33:18,627 - pednstream.ltm.network - INFO - Controller node 2: Added 0 detour path(s) for OD (0, 7)
2026-02-16 15:33:18,627 - pednstream.ltm.network - INFO - Controller node 2: Added 0 detour path(s) for OD (7, 1)
2026-02-16 15:33:18,628 - pednstream.ltm.network - INFO - Controller node 2: Added 0 detour path(s) for OD (8, 1)
2026-02-16 15:33:18,628 - pednstream.ltm.network - INFO - Controller node 2: Added 0 detour path(s) for OD (1, 8)
2026-02-16 15:33:18,629 - pednstream.ltm.network - INFO - Controller node 2: Added 0 detour path(s) for OD (7, 0)
2026-02-16 15:33:18,629 - pednstream.ltm.network - INFO - Controller node 2: Added 0 detour path(s) for OD (8, 0)
2026-02-16 15:33:18,630 - pednstream.ltm.network - INFO - Controller node 2: Added 0 detour path(s) for OD (1, 7)
2026-02-16 15:33:18,630 - pednstream.ltm.network - INFO - Controller node 2: Added 0 detour path(s) for OD (0, 8)
2026-02-16 15:33:32,314 - pednstream.ltm.network - INFO - Network initialization started, assign flows type: classic
2026-02-16 15:33:32,314 - pednstream.ltm.network - INFO - Controller configuration: enabled: True, nodes: {2}, links: []
2026-02-16 15:33:32,314 - pednstream.ltm.network - INFO - Total demand of origin node 0: 29955
2026-02-16 15:33:32,314 - pednstream.ltm.network - INFO - Total demand of origin node 1: 13480
2026-02-16 15:33:32,315 - pednstream.ltm.network - INFO - Total demand of origin node 7: 16479
2026-02-16 15:33:32,315 - pednstream.ltm.network - INFO - Total demand of origin node 8: 17757
2026-02-16 15:33:32,315 - pednstream.ltm.network - INFO - Network initialized with 9 nodes and 20 links
2026-02-16 15:33:32,316 - pednstream.ltm.network - INFO - Controller node 2: Added 0 detour path(s) for OD (0, 7)
2026-02-16 15:33:32,317 - pednstream.ltm.network - INFO - Controller node 2: Added 0 detour path(s) for OD (7, 1)
2026-02-16 15:33:32,317 - pednstream.ltm.network - INFO - Controller node 2: Added 0 detour path(s) for OD (8, 1)
2026-02-16 15:33:32,318 - pednstream.ltm.network - INFO - Controller node 2: Added 0 detour path(s) for OD (1, 8)
2026-02-16 15:33:32,318 - pednstream.ltm.network - INFO - Controller node 2: Added 0 detour path(s) for OD (7, 0)
2026-02-16 15:33:32,318 - pednstream.ltm.network - INFO - Controller node 2: Added 0 detour path(s) for OD (8, 0)
2026-02-16 15:33:32,319 - pednstream.ltm.network - INFO - Controller node 2: Added 0 detour path(s) for OD (1, 7)
2026-02-16 15:33:32,320 - pednstream.ltm.network - INFO - Controller node 2: Added 0 detour path(s) for OD (0, 8)
2026-02-16 15:33:32,320 - pednstream.ltm.network - INFO - Network initialization started, assign flows type: classic
2026-02-16 15:33:32,321 - pednstream.ltm.network - INFO - Controller configuration: enabled: True, nodes: {2}, links: []
2026-02-16 15:33:32,321 - pednstream.ltm.network - INFO - Total demand of origin node 0: 36597
2026-02-16 15:33:32,321 - pednstream.ltm.network - INFO - Total demand of origin node 1: 13487
2026-02-16 15:33:32,321 - pednstream.ltm.network - INFO - Total demand of origin node 7: 16633
2026-02-16 15:33:32,321 - pednstream.ltm.network - INFO - Total demand of origin node 8: 23293
2026-02-16 15:33:32,321 - pednstream.ltm.network - INFO - Network initialized with 9 nodes and 20 links
2026-02-16 15:33:32,323 - pednstream.ltm.network - INFO - Controller node 2: Added 0 detour path(s) for OD (0, 7)
2026-02-16 15:33:32,323 - pednstream.ltm.network - INFO - Controller node 2: Added 0 detour path(s) for OD (7, 1)
2026-02-16 15:33:32,324 - pednstream.ltm.network - INFO - Controller node 2: Added 0 detour path(s) for OD (8, 1)
2026-02-16 15:33:32,324 - pednstream.ltm.network - INFO - Controller node 2: Added 0 detour path(s) for OD (1, 8)
2026-02-16 15:33:32,324 - pednstream.ltm.network - INFO - Controller node 2: Added 0 detour path(s) for OD (7, 0)
2026-02-16 15:33:32,325 - pednstream.ltm.network - INFO - Controller node 2: Added 0 detour path(s) for OD (8, 0)
2026-02-16 15:33:32,325 - pednstream.ltm.network - INFO - Controller node 2: Added 0 detour path(s) for OD (1, 7)
2026-02-16 15:33:32,326 - pednstream.ltm.network - INFO - Controller node 2: Added 0 detour path(s) for OD (0, 8)
2026-02-16 15:34:41,797 - pednstream.ltm.network - INFO - Network initialization started, assign flows type: classic
2026-02-16 15:34:41,797 - pednstream.ltm.network - INFO - Controller configuration: enabled: True, nodes: {2}, links: []
2026-02-16 15:34:41,799 - pednstream.ltm.network - INFO - Total demand of origin node 0: 20371
2026-02-16 15:34:41,799 - pednstream.ltm.network - INFO - Total demand of origin node 1: 19516
2026-02-16 15:34:41,799 - pednstream.ltm.network - INFO - Total demand of origin node 7: 16407
2026-02-16 15:34:41,800 - pednstream.ltm.network - INFO - Total demand of origin node 8: 21725
2026-02-16 15:34:41,800 - pednstream.ltm.network - INFO - Network initialized with 9 nodes and 20 links
2026-02-16 15:34:41,801 - pednstream.ltm.network - INFO - Controller node 2: Added 0 detour path(s) for OD (0, 7)
2026-02-16 15:34:41,802 - pednstream.ltm.network - INFO - Controller node 2: Added 0 detour path(s) for OD (7, 1)
2026-02-16 15:34:41,802 - pednstream.ltm.network - INFO - Controller node 2: Added 0 detour path(s) for OD (8, 1)
2026-02-16 15:34:41,803 - pednstream.ltm.network - INFO - Controller node 2: Added 0 detour path(s) for OD (1, 8)
2026-02-16 15:34:41,803 - pednstream.ltm.network - INFO - Controller node 2: Added 0 detour path(s) for OD (7, 0)
2026-02-16 15:34:41,803 - pednstream.ltm.network - INFO - Controller node 2: Added 0 detour path(s) for OD (8, 0)
2026-02-16 15:34:41,804 - pednstream.ltm.network - INFO - Controller node 2: Added 0 detour path(s) for OD (1, 7)
2026-02-16 15:34:41,804 - pednstream.ltm.network - INFO - Controller node 2: Added 0 detour path(s) for OD (0, 8)
2026-02-16 15:34:41,806 - pednstream.ltm.network - INFO - Network initialization started, assign flows type: classic
2026-02-16 15:34:41,806 - pednstream.ltm.network - INFO - Controller configuration: enabled: True, nodes: {2}, links: []
2026-02-16 15:34:41,806 - pednstream.ltm.network - INFO - Total demand of origin node 0: 36597
2026-02-16 15:34:41,806 - pednstream.ltm.network - INFO - Total demand of origin node 1: 19514
2026-02-16 15:34:41,807 - pednstream.ltm.network - INFO - Total demand of origin node 7: 16632
2026-02-16 15:34:41,807 - pednstream.ltm.network - INFO - Total demand of origin node 8: 24599
2026-02-16 15:34:41,807 - pednstream.ltm.network - INFO - Network initialized with 9 nodes and 20 links
2026-02-16 15:34:41,808 - pednstream.ltm.network - INFO - Controller node 2: Added 0 detour path(s) for OD (0, 7)
2026-02-16 15:34:41,809 - pednstream.ltm.network - INFO - Controller node 2: Added 0 detour path(s) for OD (7, 1)
2026-02-16 15:34:41,809 - pednstream.ltm.network - INFO - Controller node 2: Added 0 detour path(s) for OD (8, 1)
2026-02-16 15:34:41,810 - pednstream.ltm.network - INFO - Controller node 2: Added 0 detour path(s) for OD (1, 8)
2026-02-16 15:34:41,810 - pednstream.ltm.network - INFO - Controller node 2: Added 0 detour path(s) for OD (7, 0)
2026-02-16 15:34:41,810 - pednstream.ltm.network - INFO - Controller node 2: Added 0 detour path(s) for OD (8, 0)
2026-02-16 15:34:41,811 - pednstream.ltm.network - INFO - Controller node 2: Added 0 detour path(s) for OD (1, 7)
2026-02-16 15:34:41,811 - pednstream.ltm.network - INFO - Controller node 2: Added 0 detour path(s) for OD (0, 8)
2026-02-16 15:35:15,685 - pednstream.ltm.network - INFO - Network initialization started, assign flows type: classic
2026-02-16 15:35:15,685 - pednstream.ltm.network - INFO - Controller configuration: enabled: True, nodes: {2}, links: []
2026-02-16 15:35:15,685 - pednstream.ltm.network - INFO - Total demand of origin node 0: 21025
2026-02-16 15:35:15,685 - pednstream.ltm.network - INFO - Total demand of origin node 1: 19496
2026-02-16 15:35:15,686 - pednstream.ltm.network - INFO - Total demand of origin node 7: 16765
2026-02-16 15:35:15,686 - pednstream.ltm.network - INFO - Total demand of origin node 8: 22467
2026-02-16 15:35:15,686 - pednstream.ltm.network - INFO - Network initialized with 9 nodes and 20 links
2026-02-16 15:35:15,687 - pednstream.ltm.network - INFO - Controller node 2: Added 0 detour path(s) for OD (0, 7)
2026-02-16 15:35:15,688 - pednstream.ltm.network - INFO - Controller node 2: Added 0 detour path(s) for OD (7, 1)
2026-02-16 15:35:15,688 - pednstream.ltm.network - INFO - Controller node 2: Added 0 detour path(s) for OD (8, 1)
2026-02-16 15:35:15,689 - pednstream.ltm.network - INFO - Controller node 2: Added 0 detour path(s) for OD (1, 8)
2026-02-16 15:35:15,689 - pednstream.ltm.network - INFO - Controller node 2: Added 0 detour path(s) for OD (7, 0)
2026-02-16 15:35:15,690 - pednstream.ltm.network - INFO - Controller node 2: Added 0 detour path(s) for OD (8, 0)
2026-02-16 15:35:15,690 - pednstream.ltm.network - INFO - Controller node 2: Added 0 detour path(s) for OD (1, 7)
2026-02-16 15:35:15,691 - pednstream.ltm.network - INFO - Controller node 2: Added 0 detour path(s) for OD (0, 8)
2026-02-16 15:35:15,692 - pednstream.ltm.network - INFO - Network initialization started, assign flows type: classic
2026-02-16 15:35:15,692 - pednstream.ltm.network - INFO - Controller configuration: enabled: True, nodes: {2}, links: []
2026-02-16 15:35:15,692 - pednstream.ltm.network - INFO - Total demand of origin node 0: 36597
2026-02-16 15:35:15,692 - pednstream.ltm.network - INFO - Total demand of origin node 1: 19514
2026-02-16 15:35:15,692 - pednstream.ltm.network - INFO - Total demand of origin node 7: 16632
2026-02-16 15:35:15,693 - pednstream.ltm.network - INFO - Total demand of origin node 8: 24599
2026-02-16 15:35:15,693 - pednstream.ltm.network - INFO - Network initialized with 9 nodes and 20 links
2026-02-16 15:35:15,694 - pednstream.ltm.network - INFO - Controller node 2: Added 0 detour path(s) for OD (0, 7)
2026-02-16 15:35:15,695 - pednstream.ltm.network - INFO - Controller node 2: Added 0 detour path(s) for OD (7, 1)
2026-02-16 15:35:15,695 - pednstream.ltm.network - INFO - Controller node 2: Added 0 detour path(s) for OD (8, 1)
2026-02-16 15:35:15,696 - pednstream.ltm.network - INFO - Controller node 2: Added 0 detour path(s) for OD (1, 8)
2026-02-16 15:35:15,696 - pednstream.ltm.network - INFO - Controller node 2: Added 0 detour path(s) for OD (7, 0)
2026-02-16 15:35:15,696 - pednstream.ltm.network - INFO - Controller node 2: Added 0 detour path(s) for OD (8, 0)
2026-02-16 15:35:15,697 - pednstream.ltm.network - INFO - Controller node 2: Added 0 detour path(s) for OD (1, 7)
2026-02-16 15:35:15,697 - pednstream.ltm.network - INFO - Controller node 2: Added 0 detour path(s) for OD (0, 8)
2026-02-16 15:36:10,966 - pednstream.ltm.network - INFO - Network initialization started, assign flows type: classic
2026-02-16 15:36:10,967 - pednstream.ltm.network - INFO - Controller configuration: enabled: True, nodes: {2}, links: []
2026-02-16 15:36:10,968 - pednstream.ltm.network - INFO - Total demand of origin node 0: 18275
2026-02-16 15:36:10,968 - pednstream.ltm.network - INFO - Total demand of origin node 1: 16624
2026-02-16 15:36:10,969 - pednstream.ltm.network - INFO - Total demand of origin node 7: 16341
2026-02-16 15:36:10,969 - pednstream.ltm.network - INFO - Total demand of origin node 8: 22917
2026-02-16 15:36:10,969 - pednstream.ltm.network - INFO - Network initialized with 9 nodes and 20 links
2026-02-16 15:36:10,970 - pednstream.ltm.network - INFO - Controller node 2: Added 0 detour path(s) for OD (0, 7)
2026-02-16 15:36:10,971 - pednstream.ltm.network - INFO - Controller node 2: Added 0 detour path(s) for OD (7, 1)
2026-02-16 15:36:10,971 - pednstream.ltm.network - INFO - Controller node 2: Added 0 detour path(s) for OD (8, 1)
2026-02-16 15:36:10,972 - pednstream.ltm.network - INFO - Controller node 2: Added 0 detour path(s) for OD (1, 8)
2026-02-16 15:36:10,972 - pednstream.ltm.network - INFO - Controller node 2: Added 0 detour path(s) for OD (7, 0)
2026-02-16 15:36:10,973 - pednstream.ltm.network - INFO - Controller node 2: Added 0 detour path(s) for OD (8, 0)
2026-02-16 15:36:10,973 - pednstream.ltm.network - INFO - Controller node 2: Added 0 detour path(s) for OD (1, 7)
2026-02-16 15:36:10,974 - pednstream.ltm.network - INFO - Controller node 2: Added 0 detour path(s) for OD (0, 8)
2026-02-16 15:36:10,975 - pednstream.ltm.network - INFO - Network initialization started, assign flows type: classic
2026-02-16 15:36:10,975 - pednstream.ltm.network - INFO - Controller configuration: enabled: True, nodes: {2}, links: []
2026-02-16 15:36:10,975 - pednstream.ltm.network - INFO - Total demand of origin node 0: 36597
2026-02-16 15:36:10,975 - pednstream.ltm.network - INFO - Total demand of origin node 1: 16464
2026-02-16 15:36:10,976 - pednstream.ltm.network - INFO - Total demand of origin node 7: 16651
2026-02-16 15:36:10,976 - pednstream.ltm.network - INFO - Total demand of origin node 8: 31431
2026-02-16 15:36:10,976 - pednstream.ltm.network - INFO - Network initialized with 9 nodes and 20 links
2026-02-16 15:36:10,978 - pednstream.ltm.network - INFO - Controller node 2: Added 0 detour path(s) for OD (0, 7)
2026-02-16 15:36:10,978 - pednstream.ltm.network - INFO - Controller node 2: Added 0 detour path(s) for OD (7, 1)
2026-02-16 15:36:10,979 - pednstream.ltm.network - INFO - Controller node 2: Added 0 detour path(s) for OD (8, 1)
2026-02-16 15:36:10,979 - pednstream.ltm.network - INFO - Controller node 2: Added 0 detour path(s) for OD (1, 8)
2026-02-16 15:36:10,980 - pednstream.ltm.network - INFO - Controller node 2: Added 0 detour path(s) for OD (7, 0)
2026-02-16 15:36:10,980 - pednstream.ltm.network - INFO - Controller node 2: Added 0 detour path(s) for OD (8, 0)
2026-02-16 15:36:10,980 - pednstream.ltm.network - INFO - Controller node 2: Added 0 detour path(s) for OD (1, 7)
2026-02-16 15:36:10,981 - pednstream.ltm.network - INFO - Controller node 2: Added 0 detour path(s) for OD (0, 8)
2026-02-16 15:37:22,423 - pednstream.ltm.network - INFO - Network initialization started, assign flows type: classic
2026-02-16 15:37:22,424 - pednstream.ltm.network - INFO - Controller configuration: enabled: True, nodes: {2}, links: []
2026-02-16 15:37:22,424 - pednstream.ltm.network - INFO - Total demand of origin node 0: 38040
2026-02-16 15:37:22,424 - pednstream.ltm.network - INFO - Total demand of origin node 1: 16646
2026-02-16 15:37:22,425 - pednstream.ltm.network - INFO - Total demand of origin node 7: 16677
2026-02-16 15:37:22,425 - pednstream.ltm.network - INFO - Total demand of origin node 8: 32079
2026-02-16 15:37:22,425 - pednstream.ltm.network - INFO - Network initialized with 9 nodes and 20 links
2026-02-16 15:37:22,427 - pednstream.ltm.network - INFO - Controller node 2: Added 0 detour path(s) for OD (0, 7)
2026-02-16 15:37:22,427 - pednstream.ltm.network - INFO - Controller node 2: Added 0 detour path(s) for OD (7, 1)
2026-02-16 15:37:22,427 - pednstream.ltm.network - INFO - Controller node 2: Added 0 detour path(s) for OD (8, 1)
2026-02-16 15:37:22,428 - pednstream.ltm.network - INFO - Controller node 2: Added 0 detour path(s) for OD (1, 8)
2026-02-16 15:37:22,428 - pednstream.ltm.network - INFO - Controller node 2: Added 0 detour path(s) for OD (7, 0)
2026-02-16 15:37:22,429 - pednstream.ltm.network - INFO - Controller node 2: Added 0 detour path(s) for OD (8, 0)
2026-02-16 15:37:22,429 - pednstream.ltm.network - INFO - Controller node 2: Added 0 detour path(s) for OD (1, 7)
2026-02-16 15:37:22,430 - pednstream.ltm.network - INFO - Controller node 2: Added 0 detour path(s) for OD (0, 8)
2026-02-16 15:37:22,431 - pednstream.ltm.network - INFO - Network initialization started, assign flows type: classic
2026-02-16 15:37:22,431 - pednstream.ltm.network - INFO - Controller configuration: enabled: True, nodes: {2}, links: []
2026-02-16 15:37:22,431 - pednstream.ltm.network - INFO - Total demand of origin node 0: 36597
2026-02-16 15:37:22,431 - pednstream.ltm.network - INFO - Total demand of origin node 1: 16464
2026-02-16 15:37:22,432 - pednstream.ltm.network - INFO - Total demand of origin node 7: 16651
2026-02-16 15:37:22,432 - pednstream.ltm.network - INFO - Total demand of origin node 8: 31431
2026-02-16 15:37:22,432 - pednstream.ltm.network - INFO - Network initialized with 9 nodes and 20 links
2026-02-16 15:37:22,434 - pednstream.ltm.network - INFO - Controller node 2: Added 0 detour path(s) for OD (0, 7)
2026-02-16 15:37:22,434 - pednstream.ltm.network - INFO - Controller node 2: Added 0 detour path(s) for OD (7, 1)
2026-02-16 15:37:22,435 - pednstream.ltm.network - INFO - Controller node 2: Added 0 detour path(s) for OD (8, 1)
2026-02-16 15:37:22,435 - pednstream.ltm.network - INFO - Controller node 2: Added 0 detour path(s) for OD (1, 8)
2026-02-16 15:37:22,436 - pednstream.ltm.network - INFO - Controller node 2: Added 0 detour path(s) for OD (7, 0)
2026-02-16 15:37:22,436 - pednstream.ltm.network - INFO - Controller node 2: Added 0 detour path(s) for OD (8, 0)
2026-02-16 15:37:22,437 - pednstream.ltm.network - INFO - Controller node 2: Added 0 detour path(s) for OD (1, 7)
2026-02-16 15:37:22,437 - pednstream.ltm.network - INFO - Controller node 2: Added 0 detour path(s) for OD (0, 8)
2026-02-17 12:45:59,578 - pednstream.ltm.network - INFO - Network initialization started, assign flows type: classic
2026-02-17 12:45:59,579 - pednstream.ltm.network - INFO - Controller configuration: enabled: True, nodes: {2}, links: []
2026-02-17 12:45:59,580 - pednstream.ltm.network - INFO - Total demand of origin node 0: 34928
2026-02-17 12:45:59,581 - pednstream.ltm.network - INFO - Total demand of origin node 1: 19559
2026-02-17 12:45:59,581 - pednstream.ltm.network - INFO - Total demand of origin node 7: 16508
2026-02-17 12:45:59,581 - pednstream.ltm.network - INFO - Total demand of origin node 8: 37218
2026-02-17 12:45:59,581 - pednstream.ltm.network - INFO - Network initialized with 9 nodes and 20 links
2026-02-17 12:45:59,583 - pednstream.ltm.network - INFO - Controller node 2: Added 0 detour path(s) for OD (0, 7)
2026-02-17 12:45:59,583 - pednstream.ltm.network - INFO - Controller node 2: Added 0 detour path(s) for OD (7, 1)
2026-02-17 12:45:59,584 - pednstream.ltm.network - INFO - Controller node 2: Added 0 detour path(s) for OD (8, 1)
2026-02-17 12:45:59,584 - pednstream.ltm.network - INFO - Controller node 2: Added 0 detour path(s) for OD (1, 8)
2026-02-17 12:45:59,585 - pednstream.ltm.network - INFO - Controller node 2: Added 0 detour path(s) for OD (7, 0)
2026-02-17 12:45:59,585 - pednstream.ltm.network - INFO - Controller node 2: Added 0 detour path(s) for OD (8, 0)
2026-02-17 12:45:59,585 - pednstream.ltm.network - INFO - Controller node 2: Added 0 detour path(s) for OD (1, 7)
2026-02-17 12:45:59,586 - pednstream.ltm.network - INFO - Controller node 2: Added 0 detour path(s) for OD (0, 8)
2026-02-17 12:45:59,592 - pednstream.ltm.network - INFO - Network initialization started, assign flows type: classic
2026-02-17 12:45:59,592 - pednstream.ltm.network - INFO - Controller configuration: enabled: True, nodes: {2}, links: []
2026-02-17 12:45:59,592 - pednstream.ltm.network - INFO - Total demand of origin node 0: 37018
2026-02-17 12:45:59,592 - pednstream.ltm.network - INFO - Total demand of origin node 1: 21139
2026-02-17 12:45:59,592 - pednstream.ltm.network - INFO - Total demand of origin node 7: 16091
2026-02-17 12:45:59,593 - pednstream.ltm.network - INFO - Total demand of origin node 8: 20673
2026-02-17 12:45:59,593 - pednstream.ltm.network - INFO - Network initialized with 9 nodes and 20 links
2026-02-17 12:45:59,594 - pednstream.ltm.network - INFO - Controller node 2: Added 0 detour path(s) for OD (0, 1)
2026-02-17 12:45:59,594 - pednstream.ltm.network - INFO - Controller node 2: Added 0 detour path(s) for OD (0, 7)
2026-02-17 12:45:59,595 - pednstream.ltm.network - INFO - Controller node 2: Added 0 detour path(s) for OD (7, 1)
2026-02-17 12:45:59,595 - pednstream.ltm.network - INFO - Controller node 2: Added 0 detour path(s) for OD (8, 1)
2026-02-17 12:45:59,595 - pednstream.ltm.network - INFO - Controller node 2: Added 0 detour path(s) for OD (1, 8)
2026-02-17 12:45:59,596 - pednstream.ltm.network - INFO - Controller node 2: Added 0 detour path(s) for OD (7, 0)
2026-02-17 12:45:59,596 - pednstream.ltm.network - INFO - Controller node 2: Added 0 detour path(s) for OD (8, 0)
2026-02-17 12:45:59,597 - pednstream.ltm.network - INFO - Controller node 2: Added 0 detour path(s) for OD (1, 7)
2026-02-17 12:45:59,597 - pednstream.ltm.network - INFO - Controller node 2: Added 0 detour path(s) for OD (1, 0)
2026-02-17 12:45:59,597 - pednstream.ltm.network - INFO - Controller node 2: Added 0 detour path(s) for OD (0, 8)
2026-02-17 12:46:15,971 - pednstream.ltm.network - INFO - Network initialization started, assign flows type: classic
2026-02-17 12:46:15,971 - pednstream.ltm.network - INFO - Controller configuration: enabled: True, nodes: {2}, links: []
2026-02-17 12:46:15,972 - pednstream.ltm.network - INFO - Total demand of origin node 0: 26741
2026-02-17 12:46:15,972 - pednstream.ltm.network - INFO - Total demand of origin node 1: 19577
2026-02-17 12:46:15,972 - pednstream.ltm.network - INFO - Total demand of origin node 7: 16563
2026-02-17 12:46:15,973 - pednstream.ltm.network - INFO - Total demand of origin node 8: 34594
2026-02-17 12:46:15,973 - pednstream.ltm.network - INFO - Network initialized with 9 nodes and 20 links
2026-02-17 12:46:15,974 - pednstream.ltm.network - INFO - Controller node 2: Added 0 detour path(s) for OD (0, 7)
2026-02-17 12:46:15,975 - pednstream.ltm.network - INFO - Controller node 2: Added 0 detour path(s) for OD (7, 1)
2026-02-17 12:46:15,975 - pednstream.ltm.network - INFO - Controller node 2: Added 0 detour path(s) for OD (8, 1)
2026-02-17 12:46:15,976 - pednstream.ltm.network - INFO - Controller node 2: Added 0 detour path(s) for OD (1, 8)
2026-02-17 12:46:15,976 - pednstream.ltm.network - INFO - Controller node 2: Added 0 detour path(s) for OD (7, 0)
2026-02-17 12:46:15,976 - pednstream.ltm.network - INFO - Controller node 2: Added 0 detour path(s) for OD (8, 0)
2026-02-17 12:46:15,977 - pednstream.ltm.network - INFO - Controller node 2: Added 0 detour path(s) for OD (1, 7)
2026-02-17 12:46:15,977 - pednstream.ltm.network - INFO - Controller node 2: Added 0 detour path(s) for OD (0, 8)
2026-02-17 12:46:15,983 - pednstream.ltm.network - INFO - Network initialization started, assign flows type: classic
2026-02-17 12:46:15,983 - pednstream.ltm.network - INFO - Controller configuration: enabled: True, nodes: {2}, links: []
2026-02-17 12:46:15,983 - pednstream.ltm.network - INFO - Total demand of origin node 0: 37018
2026-02-17 12:46:15,983 - pednstream.ltm.network - INFO - Total demand of origin node 1: 21139
2026-02-17 12:46:15,984 - pednstream.ltm.network - INFO - Total demand of origin node 7: 16091
2026-02-17 12:46:15,984 - pednstream.ltm.network - INFO - Total demand of origin node 8: 20673
2026-02-17 12:46:15,984 - pednstream.ltm.network - INFO - Network initialized with 9 nodes and 20 links
2026-02-17 12:46:15,985 - pednstream.ltm.network - INFO - Controller node 2: Added 0 detour path(s) for OD (0, 1)
2026-02-17 12:46:15,986 - pednstream.ltm.network - INFO - Controller node 2: Added 0 detour path(s) for OD (0, 7)
2026-02-17 12:46:15,986 - pednstream.ltm.network - INFO - Controller node 2: Added 0 detour path(s) for OD (7, 1)
2026-02-17 12:46:15,986 - pednstream.ltm.network - INFO - Controller node 2: Added 0 detour path(s) for OD (8, 1)
2026-02-17 12:46:15,987 - pednstream.ltm.network - INFO - Controller node 2: Added 0 detour path(s) for OD (1, 8)
2026-02-17 12:46:15,987 - pednstream.ltm.network - INFO - Controller node 2: Added 0 detour path(s) for OD (7, 0)
2026-02-17 12:46:15,988 - pednstream.ltm.network - INFO - Controller node 2: Added 0 detour path(s) for OD (8, 0)
2026-02-17 12:46:15,988 - pednstream.ltm.network - INFO - Controller node 2: Added 0 detour path(s) for OD (1, 7)
2026-02-17 12:46:15,988 - pednstream.ltm.network - INFO - Controller node 2: Added 0 detour path(s) for OD (1, 0)
2026-02-17 12:46:15,989 - pednstream.ltm.network - INFO - Controller node 2: Added 0 detour path(s) for OD (0, 8)
2026-02-17 12:46:28,291 - pednstream.ltm.network - INFO - Network initialization started, assign flows type: classic
2026-02-17 12:46:28,291 - pednstream.ltm.network - INFO - Controller configuration: enabled: True, nodes: {2}, links: []
2026-02-17 12:46:28,291 - pednstream.ltm.network - INFO - Total demand of origin node 0: 42824
2026-02-17 12:46:28,291 - pednstream.ltm.network - INFO - Total demand of origin node 1: 19533
2026-02-17 12:46:28,292 - pednstream.ltm.network - INFO - Total demand of origin node 7: 16592
2026-02-17 12:46:28,292 - pednstream.ltm.network - INFO - Total demand of origin node 8: 24589
2026-02-17 12:46:28,292 - pednstream.ltm.network - INFO - Network initialized with 9 nodes and 20 links
2026-02-17 12:46:28,294 - pednstream.ltm.network - INFO - Controller node 2: Added 0 detour path(s) for OD (0, 7)
2026-02-17 12:46:28,294 - pednstream.ltm.network - INFO - Controller node 2: Added 0 detour path(s) for OD (7, 1)
2026-02-17 12:46:28,294 - pednstream.ltm.network - INFO - Controller node 2: Added 0 detour path(s) for OD (8, 1)
2026-02-17 12:46:28,295 - pednstream.ltm.network - INFO - Controller node 2: Added 0 detour path(s) for OD (1, 8)
2026-02-17 12:46:28,295 - pednstream.ltm.network - INFO - Controller node 2: Added 0 detour path(s) for OD (7, 0)
2026-02-17 12:46:28,296 - pednstream.ltm.network - INFO - Controller node 2: Added 0 detour path(s) for OD (8, 0)
2026-02-17 12:46:28,296 - pednstream.ltm.network - INFO - Controller node 2: Added 0 detour path(s) for OD (1, 7)
2026-02-17 12:46:28,297 - pednstream.ltm.network - INFO - Controller node 2: Added 0 detour path(s) for OD (0, 8)
2026-02-17 12:46:28,301 - pednstream.ltm.network - INFO - Network initialization started, assign flows type: classic
2026-02-17 12:46:28,301 - pednstream.ltm.network - INFO - Controller configuration: enabled: True, nodes: {2}, links: []
2026-02-17 12:46:28,301 - pednstream.ltm.network - INFO - Total demand of origin node 0: 32713
2026-02-17 12:46:28,301 - pednstream.ltm.network - INFO - Total demand of origin node 1: 16586.992634463037
2026-02-17 12:46:28,301 - pednstream.ltm.network - INFO - Total demand of origin node 7: 28102
2026-02-17 12:46:28,302 - pednstream.ltm.network - INFO - Total demand of origin node 8: 19393
2026-02-17 12:46:28,302 - pednstream.ltm.network - INFO - Network initialized with 9 nodes and 20 links
2026-02-17 12:46:28,303 - pednstream.ltm.network - INFO - Controller node 2: Added 0 detour path(s) for OD (0, 1)
2026-02-17 12:46:28,304 - pednstream.ltm.network - INFO - Controller node 2: Added 0 detour path(s) for OD (0, 7)
2026-02-17 12:46:28,304 - pednstream.ltm.network - INFO - Controller node 2: Added 0 detour path(s) for OD (7, 1)
2026-02-17 12:46:28,304 - pednstream.ltm.network - INFO - Controller node 2: Added 0 detour path(s) for OD (8, 1)
2026-02-17 12:46:28,305 - pednstream.ltm.network - INFO - Controller node 2: Added 0 detour path(s) for OD (1, 8)
2026-02-17 12:46:28,305 - pednstream.ltm.network - INFO - Controller node 2: Added 0 detour path(s) for OD (7, 0)
2026-02-17 12:46:28,306 - pednstream.ltm.network - INFO - Controller node 2: Added 0 detour path(s) for OD (8, 0)
2026-02-17 12:46:28,306 - pednstream.ltm.network - INFO - Controller node 2: Added 0 detour path(s) for OD (1, 7)
2026-02-17 12:46:28,306 - pednstream.ltm.network - INFO - Controller node 2: Added 0 detour path(s) for OD (1, 0)
2026-02-17 12:46:28,307 - pednstream.ltm.network - INFO - Controller node 2: Added 0 detour path(s) for OD (0, 8)
2026-02-17 12:47:10,208 - pednstream.ltm.network - INFO - Network initialization started, assign flows type: classic
2026-02-17 12:47:10,209 - pednstream.ltm.network - INFO - Controller configuration: enabled: True, nodes: {2}, links: []
2026-02-17 12:47:10,210 - pednstream.ltm.network - INFO - Total demand of origin node 0: 36239
2026-02-17 12:47:10,210 - pednstream.ltm.network - INFO - Total demand of origin node 1: 19624
2026-02-17 12:47:10,211 - pednstream.ltm.network - INFO - Total demand of origin node 7: 16387
2026-02-17 12:47:10,211 - pednstream.ltm.network - INFO - Total demand of origin node 8: 17230
2026-02-17 12:47:10,211 - pednstream.ltm.network - INFO - Network initialized with 9 nodes and 20 links
2026-02-17 12:47:10,213 - pednstream.ltm.network - INFO - Controller node 2: Added 0 detour path(s) for OD (0, 7)
2026-02-17 12:47:10,213 - pednstream.ltm.network - INFO - Controller node 2: Added 0 detour path(s) for OD (7, 1)
2026-02-17 12:47:10,213 - pednstream.ltm.network - INFO - Controller node 2: Added 0 detour path(s) for OD (8, 1)
2026-02-17 12:47:10,214 - pednstream.ltm.network - INFO - Controller node 2: Added 0 detour path(s) for OD (1, 8)
2026-02-17 12:47:10,214 - pednstream.ltm.network - INFO - Controller node 2: Added 0 detour path(s) for OD (7, 0)
2026-02-17 12:47:10,215 - pednstream.ltm.network - INFO - Controller node 2: Added 0 detour path(s) for OD (8, 0)
2026-02-17 12:47:10,215 - pednstream.ltm.network - INFO - Controller node 2: Added 0 detour path(s) for OD (1, 7)
2026-02-17 12:47:10,216 - pednstream.ltm.network - INFO - Controller node 2: Added 0 detour path(s) for OD (0, 8)
2026-02-17 12:47:10,221 - pednstream.ltm.network - INFO - Network initialization started, assign flows type: classic
2026-02-17 12:47:10,221 - pednstream.ltm.network - INFO - Controller configuration: enabled: True, nodes: {2}, links: []
2026-02-17 12:47:10,221 - pednstream.ltm.network - INFO - Total demand of origin node 0: 32713
2026-02-17 12:47:10,221 - pednstream.ltm.network - INFO - Total demand of origin node 1: 16586.992634463037
2026-02-17 12:47:10,221 - pednstream.ltm.network - INFO - Total demand of origin node 7: 28102
2026-02-17 12:47:10,221 - pednstream.ltm.network - INFO - Total demand of origin node 8: 19393
2026-02-17 12:47:10,221 - pednstream.ltm.network - INFO - Network initialized with 9 nodes and 20 links
2026-02-17 12:47:10,223 - pednstream.ltm.network - INFO - Controller node 2: Added 0 detour path(s) for OD (0, 1)
2026-02-17 12:47:10,223 - pednstream.ltm.network - INFO - Controller node 2: Added 0 detour path(s) for OD (0, 7)
2026-02-17 12:47:10,224 - pednstream.ltm.network - INFO - Controller node 2: Added 0 detour path(s) for OD (7, 1)
2026-02-17 12:47:10,224 - pednstream.ltm.network - INFO - Controller node 2: Added 0 detour path(s) for OD (8, 1)
2026-02-17 12:47:10,225 - pednstream.ltm.network - INFO - Controller node 2: Added 0 detour path(s) for OD (1, 8)
2026-02-17 12:47:10,225 - pednstream.ltm.network - INFO - Controller node 2: Added 0 detour path(s) for OD (7, 0)
2026-02-17 12:47:10,226 - pednstream.ltm.network - INFO - Controller node 2: Added 0 detour path(s) for OD (8, 0)
2026-02-17 12:47:10,226 - pednstream.ltm.network - INFO - Controller node 2: Added 0 detour path(s) for OD (1, 7)
2026-02-17 12:47:10,226 - pednstream.ltm.network - INFO - Controller node 2: Added 0 detour path(s) for OD (1, 0)
2026-02-17 12:47:10,227 - pednstream.ltm.network - INFO - Controller node 2: Added 0 detour path(s) for OD (0, 8)
2026-02-23 16:50:38,703 - pednstream.ltm.network - INFO - Network initialization started, assign flows type: classic
2026-02-23 16:50:38,703 - pednstream.ltm.network - INFO - Controller configuration: enabled: True, nodes: {2}, links: []
2026-02-23 16:50:38,705 - pednstream.ltm.network - INFO - Total demand of origin node 0: 19412
2026-02-23 16:50:38,706 - pednstream.ltm.network - INFO - Total demand of origin node 1: 19618
2026-02-23 16:50:38,706 - pednstream.ltm.network - INFO - Total demand of origin node 7: 16687
2026-02-23 16:50:38,707 - pednstream.ltm.network - INFO - Total demand of origin node 8: 17947
2026-02-23 16:50:38,707 - pednstream.ltm.network - INFO - Network initialized with 9 nodes and 20 links
2026-02-23 16:50:38,709 - pednstream.ltm.network - INFO - Controller node 2: Added 0 detour path(s) for OD (0, 7)
2026-02-23 16:50:38,710 - pednstream.ltm.network - INFO - Controller node 2: Added 0 detour path(s) for OD (7, 1)
2026-02-23 16:50:38,710 - pednstream.ltm.network - INFO - Controller node 2: Added 0 detour path(s) for OD (8, 1)
2026-02-23 16:50:38,711 - pednstream.ltm.network - INFO - Controller node 2: Added 0 detour path(s) for OD (1, 8)
2026-02-23 16:50:38,711 - pednstream.ltm.network - INFO - Controller node 2: Added 0 detour path(s) for OD (7, 0)
2026-02-23 16:50:38,712 - pednstream.ltm.network - INFO - Controller node 2: Added 0 detour path(s) for OD (8, 0)
2026-02-23 16:50:38,712 - pednstream.ltm.network - INFO - Controller node 2: Added 0 detour path(s) for OD (1, 7)
2026-02-23 16:50:38,713 - pednstream.ltm.network - INFO - Controller node 2: Added 0 detour path(s) for OD (0, 8)
2026-02-23 16:50:38,719 - pednstream.ltm.network - INFO - Network initialization started, assign flows type: classic
2026-02-23 16:50:38,719 - pednstream.ltm.network - INFO - Controller configuration: enabled: True, nodes: {2}, links: []
2026-02-23 16:50:38,719 - pednstream.ltm.network - INFO - Total demand of origin node 0: 13311.2448516644
2026-02-23 16:50:38,719 - pednstream.ltm.network - INFO - Total demand of origin node 1: 18179
2026-02-23 16:50:38,720 - pednstream.ltm.network - INFO - Total demand of origin node 7: 14319
2026-02-23 16:50:38,720 - pednstream.ltm.network - INFO - Total demand of origin node 8: 23696
2026-02-23 16:50:38,720 - pednstream.ltm.network - INFO - Network initialized with 9 nodes and 20 links
2026-02-23 16:50:38,722 - pednstream.ltm.network - INFO - Controller node 2: Added 0 detour path(s) for OD (0, 1)
2026-02-23 16:50:38,722 - pednstream.ltm.network - INFO - Controller node 2: Added 0 detour path(s) for OD (0, 7)
2026-02-23 16:50:38,723 - pednstream.ltm.network - INFO - Controller node 2: Added 0 detour path(s) for OD (7, 1)
2026-02-23 16:50:38,723 - pednstream.ltm.network - INFO - Controller node 2: Added 0 detour path(s) for OD (8, 1)
2026-02-23 16:50:38,724 - pednstream.ltm.network - INFO - Controller node 2: Added 0 detour path(s) for OD (1, 8)
2026-02-23 16:50:38,724 - pednstream.ltm.network - INFO - Controller node 2: Added 0 detour path(s) for OD (7, 0)
2026-02-23 16:50:38,724 - pednstream.ltm.network - INFO - Controller node 2: Added 0 detour path(s) for OD (8, 0)
2026-02-23 16:50:38,725 - pednstream.ltm.network - INFO - Controller node 2: Added 0 detour path(s) for OD (1, 7)
2026-02-23 16:50:38,725 - pednstream.ltm.network - INFO - Controller node 2: Added 0 detour path(s) for OD (1, 0)
2026-02-23 16:50:38,726 - pednstream.ltm.network - INFO - Controller node 2: Added 0 detour path(s) for OD (0, 8)
2026-02-23 16:53:20,320 - pednstream.ltm.network - INFO - Network initialization started, assign flows type: classic
2026-02-23 16:53:20,320 - pednstream.ltm.network - INFO - Controller configuration: enabled: True, nodes: {2}, links: []
2026-02-23 16:53:20,321 - pednstream.ltm.network - INFO - Total demand of origin node 0: 20936
2026-02-23 16:53:20,321 - pednstream.ltm.network - INFO - Total demand of origin node 1: 24117
2026-02-23 16:53:20,322 - pednstream.ltm.network - INFO - Total demand of origin node 7: 24174
2026-02-23 16:53:20,322 - pednstream.ltm.network - INFO - Total demand of origin node 8: 27166
2026-02-23 16:53:20,322 - pednstream.ltm.network - INFO - Network initialized with 9 nodes and 20 links
2026-02-23 16:53:20,324 - pednstream.ltm.network - INFO - Controller node 2: Added 0 detour path(s) for OD (0, 7)
2026-02-23 16:53:20,324 - pednstream.ltm.network - INFO - Controller node 2: Added 0 detour path(s) for OD (7, 1)
2026-02-23 16:53:20,325 - pednstream.ltm.network - INFO - Controller node 2: Added 0 detour path(s) for OD (8, 1)
2026-02-23 16:53:20,325 - pednstream.ltm.network - INFO - Controller node 2: Added 0 detour path(s) for OD (1, 8)
2026-02-23 16:53:20,326 - pednstream.ltm.network - INFO - Controller node 2: Added 0 detour path(s) for OD (7, 0)
2026-02-23 16:53:20,326 - pednstream.ltm.network - INFO - Controller node 2: Added 0 detour path(s) for OD (8, 0)
2026-02-23 16:53:20,327 - pednstream.ltm.network - INFO - Controller node 2: Added 0 detour path(s) for OD (1, 7)
2026-02-23 16:53:20,327 - pednstream.ltm.network - INFO - Controller node 2: Added 0 detour path(s) for OD (0, 8)
2026-02-23 16:53:20,333 - pednstream.ltm.network - INFO - Network initialization started, assign flows type: classic
2026-02-23 16:53:20,333 - pednstream.ltm.network - INFO - Controller configuration: enabled: True, nodes: {2}, links: []
2026-02-23 16:53:20,333 - pednstream.ltm.network - INFO - Total demand of origin node 0: 13311.2448516644
2026-02-23 16:53:20,333 - pednstream.ltm.network - INFO - Total demand of origin node 1: 21982
2026-02-23 16:53:20,334 - pednstream.ltm.network - INFO - Total demand of origin node 7: 15641
2026-02-23 16:53:20,334 - pednstream.ltm.network - INFO - Total demand of origin node 8: 33729
2026-02-23 16:53:20,334 - pednstream.ltm.network - INFO - Network initialized with 9 nodes and 20 links
2026-02-23 16:53:20,335 - pednstream.ltm.network - INFO - Controller node 2: Added 0 detour path(s) for OD (0, 1)
2026-02-23 16:53:20,336 - pednstream.ltm.network - INFO - Controller node 2: Added 0 detour path(s) for OD (0, 7)
2026-02-23 16:53:20,336 - pednstream.ltm.network - INFO - Controller node 2: Added 0 detour path(s) for OD (7, 1)
2026-02-23 16:53:20,337 - pednstream.ltm.network - INFO - Controller node 2: Added 0 detour path(s) for OD (8, 1)
2026-02-23 16:53:20,337 - pednstream.ltm.network - INFO - Controller node 2: Added 0 detour path(s) for OD (1, 8)
2026-02-23 16:53:20,338 - pednstream.ltm.network - INFO - Controller node 2: Added 0 detour path(s) for OD (7, 0)
2026-02-23 16:53:20,338 - pednstream.ltm.network - INFO - Controller node 2: Added 0 detour path(s) for OD (8, 0)
2026-02-23 16:53:20,339 - pednstream.ltm.network - INFO - Controller node 2: Added 0 detour path(s) for OD (1, 7)
2026-02-23 16:53:20,339 - pednstream.ltm.network - INFO - Controller node 2: Added 0 detour path(s) for OD (1, 0)
2026-02-23 16:53:20,339 - pednstream.ltm.network - INFO - Controller node 2: Added 0 detour path(s) for OD (0, 8)
2026-02-23 16:54:42,974 - pednstream.ltm.network - INFO - Network initialization started, assign flows type: classic
2026-02-23 16:54:42,974 - pednstream.ltm.network - INFO - Controller configuration: enabled: True, nodes: {2}, links: []
2026-02-23 16:54:42,975 - pednstream.ltm.network - INFO - Total demand of origin node 0: 21082
2026-02-23 16:54:42,975 - pednstream.ltm.network - INFO - Total demand of origin node 1: 24050
2026-02-23 16:54:42,975 - pednstream.ltm.network - INFO - Total demand of origin node 7: 24185
2026-02-23 16:54:42,975 - pednstream.ltm.network - INFO - Total demand of origin node 8: 26751
2026-02-23 16:54:42,976 - pednstream.ltm.network - INFO - Network initialized with 9 nodes and 20 links
2026-02-23 16:54:42,977 - pednstream.ltm.network - INFO - Controller node 2: Added 0 detour path(s) for OD (0, 7)
2026-02-23 16:54:42,978 - pednstream.ltm.network - INFO - Controller node 2: Added 0 detour path(s) for OD (7, 1)
2026-02-23 16:54:42,978 - pednstream.ltm.network - INFO - Controller node 2: Added 0 detour path(s) for OD (8, 1)
2026-02-23 16:54:42,979 - pednstream.ltm.network - INFO - Controller node 2: Added 0 detour path(s) for OD (1, 8)
2026-02-23 16:54:42,979 - pednstream.ltm.network - INFO - Controller node 2: Added 0 detour path(s) for OD (7, 0)
2026-02-23 16:54:42,979 - pednstream.ltm.network - INFO - Controller node 2: Added 0 detour path(s) for OD (8, 0)
2026-02-23 16:54:42,980 - pednstream.ltm.network - INFO - Controller node 2: Added 0 detour path(s) for OD (1, 7)
2026-02-23 16:54:42,981 - pednstream.ltm.network - INFO - Controller node 2: Added 0 detour path(s) for OD (0, 8)
2026-02-23 16:54:42,985 - pednstream.ltm.network - INFO - Network initialization started, assign flows type: classic
2026-02-23 16:54:42,985 - pednstream.ltm.network - INFO - Controller configuration: enabled: True, nodes: {2}, links: []
2026-02-23 16:54:42,985 - pednstream.ltm.network - INFO - Total demand of origin node 0: 13311.2448516644
2026-02-23 16:54:42,985 - pednstream.ltm.network - INFO - Total demand of origin node 1: 21982
2026-02-23 16:54:42,986 - pednstream.ltm.network - INFO - Total demand of origin node 7: 15641
2026-02-23 16:54:42,986 - pednstream.ltm.network - INFO - Total demand of origin node 8: 33729
2026-02-23 16:54:42,986 - pednstream.ltm.network - INFO - Network initialized with 9 nodes and 20 links
2026-02-23 16:54:42,987 - pednstream.ltm.network - INFO - Controller node 2: Added 0 detour path(s) for OD (0, 1)
2026-02-23 16:54:42,988 - pednstream.ltm.network - INFO - Controller node 2: Added 0 detour path(s) for OD (0, 7)
2026-02-23 16:54:42,988 - pednstream.ltm.network - INFO - Controller node 2: Added 0 detour path(s) for OD (7, 1)
2026-02-23 16:54:42,989 - pednstream.ltm.network - INFO - Controller node 2: Added 0 detour path(s) for OD (8, 1)
2026-02-23 16:54:42,989 - pednstream.ltm.network - INFO - Controller node 2: Added 0 detour path(s) for OD (1, 8)
2026-02-23 16:54:42,990 - pednstream.ltm.network - INFO - Controller node 2: Added 0 detour path(s) for OD (7, 0)
2026-02-23 16:54:42,990 - pednstream.ltm.network - INFO - Controller node 2: Added 0 detour path(s) for OD (8, 0)
2026-02-23 16:54:42,991 - pednstream.ltm.network - INFO - Controller node 2: Added 0 detour path(s) for OD (1, 7)
2026-02-23 16:54:42,991 - pednstream.ltm.network - INFO - Controller node 2: Added 0 detour path(s) for OD (1, 0)
2026-02-23 16:54:42,991 - pednstream.ltm.network - INFO - Controller node 2: Added 0 detour path(s) for OD (0, 8)
2026-02-23 16:57:11,488 - pednstream.ltm.network - INFO - Network initialization started, assign flows type: classic
2026-02-23 16:57:11,488 - pednstream.ltm.network - INFO - Controller configuration: enabled: True, nodes: {2}, links: []
2026-02-23 16:57:11,488 - pednstream.ltm.network - INFO - Total demand of origin node 0: 24947
2026-02-23 16:57:11,488 - pednstream.ltm.network - INFO - Total demand of origin node 1: 29535
2026-02-23 16:57:11,489 - pednstream.ltm.network - INFO - Total demand of origin node 7: 32161
2026-02-23 16:57:11,489 - pednstream.ltm.network - INFO - Total demand of origin node 8: 35757
2026-02-23 16:57:11,489 - pednstream.ltm.network - INFO - Network initialized with 9 nodes and 20 links
2026-02-23 16:57:11,491 - pednstream.ltm.network - INFO - Controller node 2: Added 0 detour path(s) for OD (0, 7)
2026-02-23 16:57:11,491 - pednstream.ltm.network - INFO - Controller node 2: Added 0 detour path(s) for OD (7, 1)
2026-02-23 16:57:11,492 - pednstream.ltm.network - INFO - Controller node 2: Added 0 detour path(s) for OD (8, 1)
2026-02-23 16:57:11,492 - pednstream.ltm.network - INFO - Controller node 2: Added 0 detour path(s) for OD (1, 8)
2026-02-23 16:57:11,493 - pednstream.ltm.network - INFO - Controller node 2: Added 0 detour path(s) for OD (7, 0)
2026-02-23 16:57:11,493 - pednstream.ltm.network - INFO - Controller node 2: Added 0 detour path(s) for OD (8, 0)
2026-02-23 16:57:11,493 - pednstream.ltm.network - INFO - Controller node 2: Added 0 detour path(s) for OD (1, 7)
2026-02-23 16:57:11,494 - pednstream.ltm.network - INFO - Controller node 2: Added 0 detour path(s) for OD (0, 8)
2026-02-23 16:57:11,499 - pednstream.ltm.network - INFO - Network initialization started, assign flows type: classic
2026-02-23 16:57:11,500 - pednstream.ltm.network - INFO - Controller configuration: enabled: True, nodes: {2}, links: []
2026-02-23 16:57:11,500 - pednstream.ltm.network - INFO - Total demand of origin node 0: 38896
2026-02-23 16:57:11,500 - pednstream.ltm.network - INFO - Total demand of origin node 1: 41147
2026-02-23 16:57:11,500 - pednstream.ltm.network - INFO - Total demand of origin node 7: 31883
2026-02-23 16:57:11,500 - pednstream.ltm.network - INFO - Total demand of origin node 8: 48253
2026-02-23 16:57:11,501 - pednstream.ltm.network - INFO - Network initialized with 9 nodes and 20 links
2026-02-23 16:57:11,502 - pednstream.ltm.network - INFO - Controller node 2: Added 0 detour path(s) for OD (0, 1)
2026-02-23 16:57:11,503 - pednstream.ltm.network - INFO - Controller node 2: Added 0 detour path(s) for OD (0, 7)
2026-02-23 16:57:11,503 - pednstream.ltm.network - INFO - Controller node 2: Added 0 detour path(s) for OD (7, 1)
2026-02-23 16:57:11,504 - pednstream.ltm.network - INFO - Controller node 2: Added 0 detour path(s) for OD (8, 1)
2026-02-23 16:57:11,504 - pednstream.ltm.network - INFO - Controller node 2: Added 0 detour path(s) for OD (1, 8)
2026-02-23 16:57:11,505 - pednstream.ltm.network - INFO - Controller node 2: Added 0 detour path(s) for OD (7, 0)
2026-02-23 16:57:11,505 - pednstream.ltm.network - INFO - Controller node 2: Added 0 detour path(s) for OD (8, 0)
2026-02-23 16:57:11,505 - pednstream.ltm.network - INFO - Controller node 2: Added 0 detour path(s) for OD (1, 7)
2026-02-23 16:57:11,506 - pednstream.ltm.network - INFO - Controller node 2: Added 0 detour path(s) for OD (1, 0)
2026-02-23 16:57:11,506 - pednstream.ltm.network - INFO - Controller node 2: Added 0 detour path(s) for OD (0, 8)
2026-02-23 17:14:01,097 - pednstream.ltm.network - INFO - Network initialization started, assign flows type: classic
2026-02-23 17:14:01,097 - pednstream.ltm.network - INFO - Controller configuration: enabled: True, nodes: {2}, links: []
2026-02-23 17:14:01,099 - pednstream.ltm.network - INFO - Total demand of origin node 0: 24663
2026-02-23 17:14:01,099 - pednstream.ltm.network - INFO - Total demand of origin node 1: 29266
2026-02-23 17:14:01,100 - pednstream.ltm.network - INFO - Total demand of origin node 7: 32182
2026-02-23 17:14:01,100 - pednstream.ltm.network - INFO - Total demand of origin node 8: 35960
2026-02-23 17:14:01,100 - pednstream.ltm.network - INFO - Network initialized with 9 nodes and 20 links
2026-02-23 17:14:01,102 - pednstream.ltm.network - INFO - Controller node 2: Added 0 detour path(s) for OD (0, 7)
2026-02-23 17:14:01,102 - pednstream.ltm.network - INFO - Controller node 2: Added 0 detour path(s) for OD (7, 1)
2026-02-23 17:14:01,103 - pednstream.ltm.network - INFO - Controller node 2: Added 0 detour path(s) for OD (8, 1)
2026-02-23 17:14:01,103 - pednstream.ltm.network - INFO - Controller node 2: Added 0 detour path(s) for OD (1, 8)
2026-02-23 17:14:01,104 - pednstream.ltm.network - INFO - Controller node 2: Added 0 detour path(s) for OD (7, 0)
2026-02-23 17:14:01,104 - pednstream.ltm.network - INFO - Controller node 2: Added 0 detour path(s) for OD (8, 0)
2026-02-23 17:14:01,105 - pednstream.ltm.network - INFO - Controller node 2: Added 0 detour path(s) for OD (1, 7)
2026-02-23 17:14:01,105 - pednstream.ltm.network - INFO - Controller node 2: Added 0 detour path(s) for OD (0, 8)
2026-02-23 17:14:01,106 - pednstream.ltm.network - INFO - Network initialization started, assign flows type: classic
2026-02-23 17:14:01,107 - pednstream.ltm.network - INFO - Controller configuration: enabled: True, nodes: {2}, links: []
2026-02-23 17:14:01,107 - pednstream.ltm.network - INFO - Total demand of origin node 0: 25016
2026-02-23 17:14:01,107 - pednstream.ltm.network - INFO - Total demand of origin node 1: 29183
2026-02-23 17:14:01,107 - pednstream.ltm.network - INFO - Total demand of origin node 7: 31983
2026-02-23 17:14:01,107 - pednstream.ltm.network - INFO - Total demand of origin node 8: 35947
2026-02-23 17:14:01,108 - pednstream.ltm.network - INFO - Network initialized with 9 nodes and 20 links
2026-02-23 17:14:01,110 - pednstream.ltm.network - INFO - Controller node 2: Added 0 detour path(s) for OD (0, 7)
2026-02-23 17:14:01,110 - pednstream.ltm.network - INFO - Controller node 2: Added 0 detour path(s) for OD (7, 1)
2026-02-23 17:14:01,110 - pednstream.ltm.network - INFO - Controller node 2: Added 0 detour path(s) for OD (8, 1)
2026-02-23 17:14:01,111 - pednstream.ltm.network - INFO - Controller node 2: Added 0 detour path(s) for OD (1, 8)
2026-02-23 17:14:01,111 - pednstream.ltm.network - INFO - Controller node 2: Added 0 detour path(s) for OD (7, 0)
2026-02-23 17:14:01,112 - pednstream.ltm.network - INFO - Controller node 2: Added 0 detour path(s) for OD (8, 0)
2026-02-23 17:14:01,112 - pednstream.ltm.network - INFO - Controller node 2: Added 0 detour path(s) for OD (1, 7)
2026-02-23 17:14:01,113 - pednstream.ltm.network - INFO - Controller node 2: Added 0 detour path(s) for OD (0, 8)
2026-02-23 17:16:41,361 - pednstream.ltm.network - INFO - Network initialization started, assign flows type: classic
2026-02-23 17:16:41,361 - pednstream.ltm.network - INFO - Controller configuration: enabled: True, nodes: {2}, links: []
2026-02-23 17:16:41,363 - pednstream.ltm.network - INFO - Total demand of origin node 0: 21768
2026-02-23 17:16:41,363 - pednstream.ltm.network - INFO - Total demand of origin node 1: 19721
2026-02-23 17:16:41,363 - pednstream.ltm.network - INFO - Total demand of origin node 7: 19352
2026-02-23 17:16:41,363 - pednstream.ltm.network - INFO - Total demand of origin node 8: 17848
2026-02-23 17:16:41,364 - pednstream.ltm.network - INFO - Network initialized with 9 nodes and 20 links
2026-02-23 17:16:41,365 - pednstream.ltm.network - INFO - Controller node 2: Added 0 detour path(s) for OD (0, 7)
2026-02-23 17:16:41,366 - pednstream.ltm.network - INFO - Controller node 2: Added 0 detour path(s) for OD (7, 1)
2026-02-23 17:16:41,366 - pednstream.ltm.network - INFO - Controller node 2: Added 0 detour path(s) for OD (8, 1)
2026-02-23 17:16:41,367 - pednstream.ltm.network - INFO - Controller node 2: Added 0 detour path(s) for OD (1, 8)
2026-02-23 17:16:41,367 - pednstream.ltm.network - INFO - Controller node 2: Added 0 detour path(s) for OD (7, 0)
2026-02-23 17:16:41,368 - pednstream.ltm.network - INFO - Controller node 2: Added 0 detour path(s) for OD (8, 0)
2026-02-23 17:16:41,368 - pednstream.ltm.network - INFO - Controller node 2: Added 0 detour path(s) for OD (1, 7)
2026-02-23 17:16:41,369 - pednstream.ltm.network - INFO - Controller node 2: Added 0 detour path(s) for OD (0, 8)
2026-02-23 17:16:41,370 - pednstream.ltm.network - INFO - Network initialization started, assign flows type: classic
2026-02-23 17:16:41,370 - pednstream.ltm.network - INFO - Controller configuration: enabled: True, nodes: {2}, links: []
2026-02-23 17:16:41,370 - pednstream.ltm.network - INFO - Total demand of origin node 0: 22126
2026-02-23 17:16:41,370 - pednstream.ltm.network - INFO - Total demand of origin node 1: 19816
2026-02-23 17:16:41,370 - pednstream.ltm.network - INFO - Total demand of origin node 7: 19804
2026-02-23 17:16:41,371 - pednstream.ltm.network - INFO - Total demand of origin node 8: 17729
2026-02-23 17:16:41,371 - pednstream.ltm.network - INFO - Network initialized with 9 nodes and 20 links
2026-02-23 17:16:41,373 - pednstream.ltm.network - INFO - Controller node 2: Added 0 detour path(s) for OD (0, 7)
2026-02-23 17:16:41,373 - pednstream.ltm.network - INFO - Controller node 2: Added 0 detour path(s) for OD (7, 1)
2026-02-23 17:16:41,373 - pednstream.ltm.network - INFO - Controller node 2: Added 0 detour path(s) for OD (8, 1)
2026-02-23 17:16:41,374 - pednstream.ltm.network - INFO - Controller node 2: Added 0 detour path(s) for OD (1, 8)
2026-02-23 17:16:41,374 - pednstream.ltm.network - INFO - Controller node 2: Added 0 detour path(s) for OD (7, 0)
2026-02-23 17:16:41,375 - pednstream.ltm.network - INFO - Controller node 2: Added 0 detour path(s) for OD (8, 0)
2026-02-23 17:16:41,375 - pednstream.ltm.network - INFO - Controller node 2: Added 0 detour path(s) for OD (1, 7)
2026-02-23 17:16:41,376 - pednstream.ltm.network - INFO - Controller node 2: Added 0 detour path(s) for OD (0, 8)
2026-02-23 17:18:21,644 - pednstream.ltm.network - INFO - Network initialization started, assign flows type: classic
2026-02-23 17:18:21,644 - pednstream.ltm.network - INFO - Controller configuration: enabled: True, nodes: {2}, links: []
2026-02-23 17:18:21,645 - pednstream.ltm.network - INFO - Total demand of origin node 0: 28102
2026-02-23 17:18:21,645 - pednstream.ltm.network - INFO - Total demand of origin node 1: 24129
2026-02-23 17:18:21,645 - pednstream.ltm.network - INFO - Total demand of origin node 7: 23621
2026-02-23 17:18:21,646 - pednstream.ltm.network - INFO - Total demand of origin node 8: 23567
2026-02-23 17:18:21,646 - pednstream.ltm.network - INFO - Network initialized with 9 nodes and 20 links
2026-02-23 17:18:21,648 - pednstream.ltm.network - INFO - Controller node 2: Added 0 detour path(s) for OD (0, 7)
2026-02-23 17:18:21,648 - pednstream.ltm.network - INFO - Controller node 2: Added 0 detour path(s) for OD (7, 1)
2026-02-23 17:18:21,649 - pednstream.ltm.network - INFO - Controller node 2: Added 0 detour path(s) for OD (8, 1)
2026-02-23 17:18:21,649 - pednstream.ltm.network - INFO - Controller node 2: Added 0 detour path(s) for OD (1, 8)
2026-02-23 17:18:21,650 - pednstream.ltm.network - INFO - Controller node 2: Added 0 detour path(s) for OD (7, 0)
2026-02-23 17:18:21,650 - pednstream.ltm.network - INFO - Controller node 2: Added 0 detour path(s) for OD (8, 0)
2026-02-23 17:18:21,651 - pednstream.ltm.network - INFO - Controller node 2: Added 0 detour path(s) for OD (1, 7)
2026-02-23 17:18:21,651 - pednstream.ltm.network - INFO - Controller node 2: Added 0 detour path(s) for OD (0, 8)
2026-02-23 17:18:21,653 - pednstream.ltm.network - INFO - Network initialization started, assign flows type: classic
2026-02-23 17:18:21,653 - pednstream.ltm.network - INFO - Controller configuration: enabled: True, nodes: {2}, links: []
2026-02-23 17:18:21,654 - pednstream.ltm.network - INFO - Total demand of origin node 0: 28240
2026-02-23 17:18:21,655 - pednstream.ltm.network - INFO - Total demand of origin node 1: 24195
2026-02-23 17:18:21,656 - pednstream.ltm.network - INFO - Total demand of origin node 7: 23650
2026-02-23 17:18:21,657 - pednstream.ltm.network - INFO - Total demand of origin node 8: 23805
2026-02-23 17:18:21,657 - pednstream.ltm.network - INFO - Network initialized with 9 nodes and 20 links
2026-02-23 17:18:21,663 - pednstream.ltm.network - INFO - Controller node 2: Added 0 detour path(s) for OD (0, 7)
2026-02-23 17:18:21,664 - pednstream.ltm.network - INFO - Controller node 2: Added 0 detour path(s) for OD (7, 1)
2026-02-23 17:18:21,665 - pednstream.ltm.network - INFO - Controller node 2: Added 0 detour path(s) for OD (8, 1)
2026-02-23 17:18:21,666 - pednstream.ltm.network - INFO - Controller node 2: Added 0 detour path(s) for OD (1, 8)
2026-02-23 17:18:21,666 - pednstream.ltm.network - INFO - Controller node 2: Added 0 detour path(s) for OD (7, 0)
2026-02-23 17:18:21,667 - pednstream.ltm.network - INFO - Controller node 2: Added 0 detour path(s) for OD (8, 0)
2026-02-23 17:18:21,668 - pednstream.ltm.network - INFO - Controller node 2: Added 0 detour path(s) for OD (1, 7)
2026-02-23 17:18:21,669 - pednstream.ltm.network - INFO - Controller node 2: Added 0 detour path(s) for OD (0, 8)
2026-02-23 17:19:59,304 - pednstream.ltm.network - INFO - Network initialization started, assign flows type: classic
2026-02-23 17:19:59,304 - pednstream.ltm.network - INFO - Controller configuration: enabled: True, nodes: {2}, links: []
2026-02-23 17:19:59,304 - pednstream.ltm.network - INFO - Total demand of origin node 0: 28000
2026-02-23 17:19:59,304 - pednstream.ltm.network - INFO - Total demand of origin node 1: 24070
2026-02-23 17:19:59,305 - pednstream.ltm.network - INFO - Total demand of origin node 7: 23544
2026-02-23 17:19:59,305 - pednstream.ltm.network - INFO - Total demand of origin node 8: 23716
2026-02-23 17:19:59,305 - pednstream.ltm.network - INFO - Network initialized with 9 nodes and 20 links
2026-02-23 17:19:59,306 - pednstream.ltm.network - INFO - Controller node 2: Added 0 detour path(s) for OD (0, 7)
2026-02-23 17:19:59,307 - pednstream.ltm.network - INFO - Controller node 2: Added 0 detour path(s) for OD (7, 1)
2026-02-23 17:19:59,307 - pednstream.ltm.network - INFO - Controller node 2: Added 0 detour path(s) for OD (8, 1)
2026-02-23 17:19:59,308 - pednstream.ltm.network - INFO - Controller node 2: Added 0 detour path(s) for OD (1, 8)
2026-02-23 17:19:59,308 - pednstream.ltm.network - INFO - Controller node 2: Added 0 detour path(s) for OD (7, 0)
2026-02-23 17:19:59,309 - pednstream.ltm.network - INFO - Controller node 2: Added 0 detour path(s) for OD (8, 0)
2026-02-23 17:19:59,309 - pednstream.ltm.network - INFO - Controller node 2: Added 0 detour path(s) for OD (1, 7)
2026-02-23 17:19:59,310 - pednstream.ltm.network - INFO - Controller node 2: Added 0 detour path(s) for OD (0, 8)
2026-02-23 17:19:59,311 - pednstream.ltm.network - INFO - Network initialization started, assign flows type: classic
2026-02-23 17:19:59,311 - pednstream.ltm.network - INFO - Controller configuration: enabled: True, nodes: {2}, links: []
2026-02-23 17:19:59,311 - pednstream.ltm.network - INFO - Total demand of origin node 0: 28240
2026-02-23 17:19:59,311 - pednstream.ltm.network - INFO - Total demand of origin node 1: 24195
2026-02-23 17:19:59,311 - pednstream.ltm.network - INFO - Total demand of origin node 7: 23650
2026-02-23 17:19:59,311 - pednstream.ltm.network - INFO - Total demand of origin node 8: 23805
2026-02-23 17:19:59,312 - pednstream.ltm.network - INFO - Network initialized with 9 nodes and 20 links
2026-02-23 17:19:59,313 - pednstream.ltm.network - INFO - Controller node 2: Added 0 detour path(s) for OD (0, 7)
2026-02-23 17:19:59,314 - pednstream.ltm.network - INFO - Controller node 2: Added 0 detour path(s) for OD (7, 1)
2026-02-23 17:19:59,314 - pednstream.ltm.network - INFO - Controller node 2: Added 0 detour path(s) for OD (8, 1)
2026-02-23 17:19:59,315 - pednstream.ltm.network - INFO - Controller node 2: Added 0 detour path(s) for OD (1, 8)
2026-02-23 17:19:59,315 - pednstream.ltm.network - INFO - Controller node 2: Added 0 detour path(s) for OD (7, 0)
2026-02-23 17:19:59,315 - pednstream.ltm.network - INFO - Controller node 2: Added 0 detour path(s) for OD (8, 0)
2026-02-23 17:19:59,316 - pednstream.ltm.network - INFO - Controller node 2: Added 0 detour path(s) for OD (1, 7)
2026-02-23 17:19:59,316 - pednstream.ltm.network - INFO - Controller node 2: Added 0 detour path(s) for OD (0, 8)
2026-02-23 21:53:05,146 - pednstream.ltm.network - INFO - Network initialization started, assign flows type: classic
2026-02-23 21:53:05,146 - pednstream.ltm.network - INFO - Controller configuration: enabled: True, nodes: {2, 6}, links: []
2026-02-23 21:53:05,146 - pednstream.ltm.network - INFO - Total demand of origin node 0: 27888
2026-02-23 21:53:05,146 - pednstream.ltm.network - INFO - Total demand of origin node 1: 25987
2026-02-23 21:53:05,147 - pednstream.ltm.network - INFO - Total demand of origin node 7: 26841
2026-02-23 21:53:05,147 - pednstream.ltm.network - INFO - Total demand of origin node 8: 25502
2026-02-23 21:53:05,147 - pednstream.ltm.network - INFO - Network initialized with 9 nodes and 20 links
2026-02-23 21:53:05,149 - pednstream.ltm.network - INFO - Controller node 2: Added 0 detour path(s) for OD (0, 7)
2026-02-23 21:53:05,149 - pednstream.ltm.network - INFO - Controller node 2: Added 0 detour path(s) for OD (7, 1)
2026-02-23 21:53:05,150 - pednstream.ltm.network - INFO - Controller node 2: Added 0 detour path(s) for OD (8, 1)
2026-02-23 21:53:05,150 - pednstream.ltm.network - INFO - Controller node 2: Added 0 detour path(s) for OD (1, 8)
2026-02-23 21:53:05,151 - pednstream.ltm.network - INFO - Controller node 2: Added 0 detour path(s) for OD (7, 0)
2026-02-23 21:53:05,151 - pednstream.ltm.network - INFO - Controller node 2: Added 0 detour path(s) for OD (8, 0)
2026-02-23 21:53:05,152 - pednstream.ltm.network - INFO - Controller node 2: Added 0 detour path(s) for OD (1, 7)
2026-02-23 21:53:05,152 - pednstream.ltm.network - INFO - Controller node 2: Added 0 detour path(s) for OD (0, 8)
2026-02-23 21:53:05,153 - pednstream.ltm.network - INFO - Controller node 6: Added 0 detour path(s) for OD (0, 7)
2026-02-23 21:53:05,153 - pednstream.ltm.network - INFO - Controller node 6: Added 0 detour path(s) for OD (7, 1)
2026-02-23 21:53:05,154 - pednstream.ltm.network - INFO - Controller node 6: Added 0 detour path(s) for OD (8, 1)
2026-02-23 21:53:05,154 - pednstream.ltm.network - INFO - Controller node 6: Added 0 detour path(s) for OD (1, 8)
2026-02-23 21:53:05,155 - pednstream.ltm.network - INFO - Controller node 6: Added 0 detour path(s) for OD (7, 0)
2026-02-23 21:53:05,155 - pednstream.ltm.network - INFO - Controller node 6: Added 0 detour path(s) for OD (8, 0)
2026-02-23 21:53:05,156 - pednstream.ltm.network - INFO - Controller node 6: Added 0 detour path(s) for OD (1, 7)
2026-02-23 21:53:05,156 - pednstream.ltm.network - INFO - Controller node 6: Added 0 detour path(s) for OD (0, 8)
2026-02-23 21:53:05,158 - pednstream.ltm.network - INFO - Network initialization started, assign flows type: classic
2026-02-23 21:53:05,158 - pednstream.ltm.network - INFO - Controller configuration: enabled: True, nodes: {2, 6}, links: []
2026-02-23 21:53:05,158 - pednstream.ltm.network - INFO - Total demand of origin node 0: 28240
2026-02-23 21:53:05,158 - pednstream.ltm.network - INFO - Total demand of origin node 1: 26168
2026-02-23 21:53:05,159 - pednstream.ltm.network - INFO - Total demand of origin node 7: 26849
2026-02-23 21:53:05,159 - pednstream.ltm.network - INFO - Total demand of origin node 8: 26270
2026-02-23 21:53:05,159 - pednstream.ltm.network - INFO - Network initialized with 9 nodes and 20 links
2026-02-23 21:53:05,160 - pednstream.ltm.network - INFO - Controller node 2: Added 0 detour path(s) for OD (0, 7)
2026-02-23 21:53:05,161 - pednstream.ltm.network - INFO - Controller node 2: Added 0 detour path(s) for OD (7, 1)
2026-02-23 21:53:05,161 - pednstream.ltm.network - INFO - Controller node 2: Added 0 detour path(s) for OD (8, 1)
2026-02-23 21:53:05,162 - pednstream.ltm.network - INFO - Controller node 2: Added 0 detour path(s) for OD (1, 8)
2026-02-23 21:53:05,162 - pednstream.ltm.network - INFO - Controller node 2: Added 0 detour path(s) for OD (7, 0)
2026-02-23 21:53:05,163 - pednstream.ltm.network - INFO - Controller node 2: Added 0 detour path(s) for OD (8, 0)
2026-02-23 21:53:05,163 - pednstream.ltm.network - INFO - Controller node 2: Added 0 detour path(s) for OD (1, 7)
2026-02-23 21:53:05,164 - pednstream.ltm.network - INFO - Controller node 2: Added 0 detour path(s) for OD (0, 8)
2026-02-23 21:53:05,164 - pednstream.ltm.network - INFO - Controller node 6: Added 0 detour path(s) for OD (0, 7)
2026-02-23 21:53:05,165 - pednstream.ltm.network - INFO - Controller node 6: Added 0 detour path(s) for OD (7, 1)
2026-02-23 21:53:05,165 - pednstream.ltm.network - INFO - Controller node 6: Added 0 detour path(s) for OD (8, 1)
2026-02-23 21:53:05,166 - pednstream.ltm.network - INFO - Controller node 6: Added 0 detour path(s) for OD (1, 8)
2026-02-23 21:53:05,166 - pednstream.ltm.network - INFO - Controller node 6: Added 0 detour path(s) for OD (7, 0)
2026-02-23 21:53:05,167 - pednstream.ltm.network - INFO - Controller node 6: Added 0 detour path(s) for OD (8, 0)
2026-02-23 21:53:05,167 - pednstream.ltm.network - INFO - Controller node 6: Added 0 detour path(s) for OD (1, 7)
2026-02-23 21:53:05,167 - pednstream.ltm.network - INFO - Controller node 6: Added 0 detour path(s) for OD (0, 8)
2026-02-24 11:39:24,914 - pednstream.ltm.network - INFO - Network initialization started, assign flows type: classic
2026-02-24 11:39:24,915 - pednstream.ltm.network - INFO - Controller configuration: enabled: True, nodes: {2, 6}, links: []
2026-02-24 11:39:24,916 - pednstream.ltm.network - INFO - Total demand of origin node 0: 28168
2026-02-24 11:39:24,916 - pednstream.ltm.network - INFO - Total demand of origin node 1: 25640
2026-02-24 11:39:24,917 - pednstream.ltm.network - INFO - Total demand of origin node 7: 26859
2026-02-24 11:39:24,917 - pednstream.ltm.network - INFO - Total demand of origin node 8: 25972
2026-02-24 11:39:24,917 - pednstream.ltm.network - INFO - Network initialized with 9 nodes and 20 links
2026-02-24 11:39:24,919 - pednstream.ltm.network - INFO - Controller node 2: Added 0 detour path(s) for OD (0, 7)
2026-02-24 11:39:24,919 - pednstream.ltm.network - INFO - Controller node 2: Added 0 detour path(s) for OD (7, 1)
2026-02-24 11:39:24,920 - pednstream.ltm.network - INFO - Controller node 2: Added 0 detour path(s) for OD (8, 1)
2026-02-24 11:39:24,920 - pednstream.ltm.network - INFO - Controller node 2: Added 0 detour path(s) for OD (1, 8)
2026-02-24 11:39:24,921 - pednstream.ltm.network - INFO - Controller node 2: Added 0 detour path(s) for OD (7, 0)
2026-02-24 11:39:24,921 - pednstream.ltm.network - INFO - Controller node 2: Added 0 detour path(s) for OD (8, 0)
2026-02-24 11:39:24,922 - pednstream.ltm.network - INFO - Controller node 2: Added 0 detour path(s) for OD (1, 7)
2026-02-24 11:39:24,922 - pednstream.ltm.network - INFO - Controller node 2: Added 0 detour path(s) for OD (0, 8)
2026-02-24 11:39:24,923 - pednstream.ltm.network - INFO - Controller node 6: Added 0 detour path(s) for OD (0, 7)
2026-02-24 11:39:24,923 - pednstream.ltm.network - INFO - Controller node 6: Added 0 detour path(s) for OD (7, 1)
2026-02-24 11:39:24,924 - pednstream.ltm.network - INFO - Controller node 6: Added 0 detour path(s) for OD (8, 1)
2026-02-24 11:39:24,924 - pednstream.ltm.network - INFO - Controller node 6: Added 0 detour path(s) for OD (1, 8)
2026-02-24 11:39:24,925 - pednstream.ltm.network - INFO - Controller node 6: Added 0 detour path(s) for OD (7, 0)
2026-02-24 11:39:24,925 - pednstream.ltm.network - INFO - Controller node 6: Added 0 detour path(s) for OD (8, 0)
2026-02-24 11:39:24,926 - pednstream.ltm.network - INFO - Controller node 6: Added 0 detour path(s) for OD (1, 7)
2026-02-24 11:39:24,926 - pednstream.ltm.network - INFO - Controller node 6: Added 0 detour path(s) for OD (0, 8)
2026-02-24 11:39:24,928 - pednstream.ltm.network - INFO - Network initialization started, assign flows type: classic
2026-02-24 11:39:24,928 - pednstream.ltm.network - INFO - Controller configuration: enabled: True, nodes: {2, 6}, links: []
2026-02-24 11:39:24,928 - pednstream.ltm.network - INFO - Total demand of origin node 0: 28240
2026-02-24 11:39:24,928 - pednstream.ltm.network - INFO - Total demand of origin node 1: 26168
2026-02-24 11:39:24,929 - pednstream.ltm.network - INFO - Total demand of origin node 7: 26849
2026-02-24 11:39:24,929 - pednstream.ltm.network - INFO - Total demand of origin node 8: 26270
2026-02-24 11:39:24,929 - pednstream.ltm.network - INFO - Network initialized with 9 nodes and 20 links
2026-02-24 11:39:24,931 - pednstream.ltm.network - INFO - Controller node 2: Added 0 detour path(s) for OD (0, 7)
2026-02-24 11:39:24,931 - pednstream.ltm.network - INFO - Controller node 2: Added 0 detour path(s) for OD (7, 1)
2026-02-24 11:39:24,931 - pednstream.ltm.network - INFO - Controller node 2: Added 0 detour path(s) for OD (8, 1)
2026-02-24 11:39:24,932 - pednstream.ltm.network - INFO - Controller node 2: Added 0 detour path(s) for OD (1, 8)
2026-02-24 11:39:24,932 - pednstream.ltm.network - INFO - Controller node 2: Added 0 detour path(s) for OD (7, 0)
2026-02-24 11:39:24,933 - pednstream.ltm.network - INFO - Controller node 2: Added 0 detour path(s) for OD (8, 0)
2026-02-24 11:39:24,933 - pednstream.ltm.network - INFO - Controller node 2: Added 0 detour path(s) for OD (1, 7)
2026-02-24 11:39:24,934 - pednstream.ltm.network - INFO - Controller node 2: Added 0 detour path(s) for OD (0, 8)
2026-02-24 11:39:24,934 - pednstream.ltm.network - INFO - Controller node 6: Added 0 detour path(s) for OD (0, 7)
2026-02-24 11:39:24,935 - pednstream.ltm.network - INFO - Controller node 6: Added 0 detour path(s) for OD (7, 1)
2026-02-24 11:39:24,935 - pednstream.ltm.network - INFO - Controller node 6: Added 0 detour path(s) for OD (8, 1)
2026-02-24 11:39:24,936 - pednstream.ltm.network - INFO - Controller node 6: Added 0 detour path(s) for OD (1, 8)
2026-02-24 11:39:24,936 - pednstream.ltm.network - INFO - Controller node 6: Added 0 detour path(s) for OD (7, 0)
2026-02-24 11:39:24,937 - pednstream.ltm.network - INFO - Controller node 6: Added 0 detour path(s) for OD (8, 0)
2026-02-24 11:39:24,937 - pednstream.ltm.network - INFO - Controller node 6: Added 0 detour path(s) for OD (1, 7)
2026-02-24 11:39:24,938 - pednstream.ltm.network - INFO - Controller node 6: Added 0 detour path(s) for OD (0, 8)
2026-02-24 11:41:40,336 - pednstream.ltm.network - INFO - Network initialization started, assign flows type: classic
2026-02-24 11:41:40,336 - pednstream.ltm.network - INFO - Controller configuration: enabled: True, nodes: {2, 6}, links: []
2026-02-24 11:41:40,337 - pednstream.ltm.network - INFO - Total demand of origin node 0: 27975
2026-02-24 11:41:40,337 - pednstream.ltm.network - INFO - Total demand of origin node 1: 29796
2026-02-24 11:41:40,338 - pednstream.ltm.network - INFO - Total demand of origin node 7: 27068
2026-02-24 11:41:40,338 - pednstream.ltm.network - INFO - Total demand of origin node 8: 27974
2026-02-24 11:41:40,338 - pednstream.ltm.network - INFO - Network initialized with 9 nodes and 20 links
2026-02-24 11:41:40,340 - pednstream.ltm.network - INFO - Controller node 2: Added 0 detour path(s) for OD (0, 7)
2026-02-24 11:41:40,340 - pednstream.ltm.network - INFO - Controller node 2: Added 0 detour path(s) for OD (7, 1)
2026-02-24 11:41:40,341 - pednstream.ltm.network - INFO - Controller node 2: Added 0 detour path(s) for OD (8, 1)
2026-02-24 11:41:40,341 - pednstream.ltm.network - INFO - Controller node 2: Added 0 detour path(s) for OD (1, 8)
2026-02-24 11:41:40,342 - pednstream.ltm.network - INFO - Controller node 2: Added 0 detour path(s) for OD (7, 0)
2026-02-24 11:41:40,342 - pednstream.ltm.network - INFO - Controller node 2: Added 0 detour path(s) for OD (8, 0)
2026-02-24 11:41:40,343 - pednstream.ltm.network - INFO - Controller node 2: Added 0 detour path(s) for OD (1, 7)
2026-02-24 11:41:40,343 - pednstream.ltm.network - INFO - Controller node 2: Added 0 detour path(s) for OD (0, 8)
2026-02-24 11:41:40,344 - pednstream.ltm.network - INFO - Controller node 6: Added 0 detour path(s) for OD (0, 7)
2026-02-24 11:41:40,344 - pednstream.ltm.network - INFO - Controller node 6: Added 0 detour path(s) for OD (7, 1)
2026-02-24 11:41:40,345 - pednstream.ltm.network - INFO - Controller node 6: Added 0 detour path(s) for OD (8, 1)
2026-02-24 11:41:40,345 - pednstream.ltm.network - INFO - Controller node 6: Added 0 detour path(s) for OD (1, 8)
2026-02-24 11:41:40,346 - pednstream.ltm.network - INFO - Controller node 6: Added 0 detour path(s) for OD (7, 0)
2026-02-24 11:41:40,346 - pednstream.ltm.network - INFO - Controller node 6: Added 0 detour path(s) for OD (8, 0)
2026-02-24 11:41:40,347 - pednstream.ltm.network - INFO - Controller node 6: Added 0 detour path(s) for OD (1, 7)
2026-02-24 11:41:40,347 - pednstream.ltm.network - INFO - Controller node 6: Added 0 detour path(s) for OD (0, 8)
2026-02-24 11:41:40,349 - pednstream.ltm.network - INFO - Network initialization started, assign flows type: classic
2026-02-24 11:41:40,349 - pednstream.ltm.network - INFO - Controller configuration: enabled: True, nodes: {2, 6}, links: []
2026-02-24 11:41:40,349 - pednstream.ltm.network - INFO - Total demand of origin node 0: 28240
2026-02-24 11:41:40,350 - pednstream.ltm.network - INFO - Total demand of origin node 1: 29681
2026-02-24 11:41:40,350 - pednstream.ltm.network - INFO - Total demand of origin node 7: 27113
2026-02-24 11:41:40,350 - pednstream.ltm.network - INFO - Total demand of origin node 8: 27989
2026-02-24 11:41:40,350 - pednstream.ltm.network - INFO - Network initialized with 9 nodes and 20 links
2026-02-24 11:41:40,352 - pednstream.ltm.network - INFO - Controller node 2: Added 0 detour path(s) for OD (0, 7)
2026-02-24 11:41:40,353 - pednstream.ltm.network - INFO - Controller node 2: Added 0 detour path(s) for OD (7, 1)
2026-02-24 11:41:40,353 - pednstream.ltm.network - INFO - Controller node 2: Added 0 detour path(s) for OD (8, 1)
2026-02-24 11:41:40,354 - pednstream.ltm.network - INFO - Controller node 2: Added 0 detour path(s) for OD (1, 8)
2026-02-24 11:41:40,354 - pednstream.ltm.network - INFO - Controller node 2: Added 0 detour path(s) for OD (7, 0)
2026-02-24 11:41:40,355 - pednstream.ltm.network - INFO - Controller node 2: Added 0 detour path(s) for OD (8, 0)
2026-02-24 11:41:40,355 - pednstream.ltm.network - INFO - Controller node 2: Added 0 detour path(s) for OD (1, 7)
2026-02-24 11:41:40,356 - pednstream.ltm.network - INFO - Controller node 2: Added 0 detour path(s) for OD (0, 8)
2026-02-24 11:41:40,356 - pednstream.ltm.network - INFO - Controller node 6: Added 0 detour path(s) for OD (0, 7)
2026-02-24 11:41:40,357 - pednstream.ltm.network - INFO - Controller node 6: Added 0 detour path(s) for OD (7, 1)
2026-02-24 11:41:40,357 - pednstream.ltm.network - INFO - Controller node 6: Added 0 detour path(s) for OD (8, 1)
2026-02-24 11:41:40,358 - pednstream.ltm.network - INFO - Controller node 6: Added 0 detour path(s) for OD (1, 8)
2026-02-24 11:41:40,358 - pednstream.ltm.network - INFO - Controller node 6: Added 0 detour path(s) for OD (7, 0)
2026-02-24 11:41:40,359 - pednstream.ltm.network - INFO - Controller node 6: Added 0 detour path(s) for OD (8, 0)
2026-02-24 11:41:40,359 - pednstream.ltm.network - INFO - Controller node 6: Added 0 detour path(s) for OD (1, 7)
2026-02-24 11:41:40,360 - pednstream.ltm.network - INFO - Controller node 6: Added 0 detour path(s) for OD (0, 8)
2026-02-24 23:16:06,976 - pednstream.ltm.network - INFO - Network initialization started, assign flows type: classic
2026-02-24 23:16:06,976 - pednstream.ltm.network - INFO - Controller configuration: enabled: True, nodes: {2}, links: []
2026-02-24 23:16:06,978 - pednstream.ltm.network - INFO - Total demand of origin node 0: 50015
2026-02-24 23:16:06,979 - pednstream.ltm.network - INFO - Network initialized with 9 nodes and 20 links
2026-02-24 23:16:06,979 - pednstream.ltm.network - INFO - No OD flows provided, initializing with ones
2026-02-24 23:16:06,980 - pednstream.ltm.network - INFO - Controller node 2: Added 0 detour path(s) for OD (0, 6)
2026-02-24 23:16:06,981 - pednstream.ltm.network - INFO - Network initialization started, assign flows type: classic
2026-02-24 23:16:06,981 - pednstream.ltm.network - INFO - Controller configuration: enabled: True, nodes: {2}, links: []
2026-02-24 23:16:06,981 - pednstream.ltm.network - INFO - Total demand of origin node 0: 50218
2026-02-24 23:16:06,982 - pednstream.ltm.network - INFO - Network initialized with 9 nodes and 20 links
2026-02-24 23:16:06,982 - pednstream.ltm.network - INFO - No OD flows provided, initializing with ones
2026-02-24 23:16:06,982 - pednstream.ltm.network - INFO - Controller node 2: Added 0 detour path(s) for OD (0, 6)
2026-02-24 23:17:05,401 - pednstream.ltm.network - INFO - Network initialization started, assign flows type: classic
2026-02-24 23:17:05,401 - pednstream.ltm.network - INFO - Controller configuration: enabled: True, nodes: {2}, links: []
2026-02-24 23:17:05,403 - pednstream.ltm.network - INFO - Total demand of origin node 0: 49931
2026-02-24 23:17:05,404 - pednstream.ltm.network - INFO - Network initialized with 9 nodes and 20 links
2026-02-24 23:17:05,404 - pednstream.ltm.network - INFO - No OD flows provided, initializing with ones
2026-02-24 23:17:05,408 - pednstream.ltm.network - INFO - Controller node 2: Added 0 detour path(s) for OD (0, 6)
2026-02-24 23:17:05,409 - pednstream.ltm.network - INFO - Network initialization started, assign flows type: classic
2026-02-24 23:17:05,410 - pednstream.ltm.network - INFO - Controller configuration: enabled: True, nodes: {2}, links: []
2026-02-24 23:17:05,410 - pednstream.ltm.network - INFO - Total demand of origin node 0: 50218
2026-02-24 23:17:05,411 - pednstream.ltm.network - INFO - Network initialized with 9 nodes and 20 links
2026-02-24 23:17:05,411 - pednstream.ltm.network - INFO - No OD flows provided, initializing with ones
2026-02-24 23:17:05,413 - pednstream.ltm.network - INFO - Controller node 2: Added 0 detour path(s) for OD (0, 6)
2026-02-24 23:17:50,210 - pednstream.ltm.network - INFO - Network initialization started, assign flows type: classic
2026-02-24 23:17:50,210 - pednstream.ltm.network - INFO - Controller configuration: enabled: True, nodes: {2}, links: []
2026-02-24 23:17:50,212 - pednstream.ltm.network - INFO - Total demand of origin node 0: 50004
2026-02-24 23:17:50,213 - pednstream.ltm.network - INFO - Network initialized with 9 nodes and 20 links
2026-02-24 23:17:50,213 - pednstream.ltm.network - INFO - No OD flows provided, initializing with ones
2026-02-24 23:17:50,217 - pednstream.ltm.network - INFO - Controller node 2: Added 0 detour path(s) for OD (0, 6)
2026-02-24 23:17:50,219 - pednstream.ltm.network - INFO - Network initialization started, assign flows type: classic
2026-02-24 23:17:50,219 - pednstream.ltm.network - INFO - Controller configuration: enabled: True, nodes: {2}, links: []
2026-02-24 23:17:50,219 - pednstream.ltm.network - INFO - Total demand of origin node 0: 50218
2026-02-24 23:17:50,220 - pednstream.ltm.network - INFO - Network initialized with 9 nodes and 20 links
2026-02-24 23:17:50,220 - pednstream.ltm.network - INFO - No OD flows provided, initializing with ones
2026-02-24 23:17:50,223 - pednstream.ltm.network - INFO - Controller node 2: Added 0 detour path(s) for OD (0, 6)
2026-02-24 23:18:38,142 - pednstream.ltm.network - INFO - Network initialization started, assign flows type: classic
2026-02-24 23:18:38,142 - pednstream.ltm.network - INFO - Controller configuration: enabled: True, nodes: {2}, links: []
2026-02-24 23:18:38,143 - pednstream.ltm.network - INFO - Total demand of origin node 0: 49909
2026-02-24 23:18:38,143 - pednstream.ltm.network - INFO - Network initialized with 9 nodes and 20 links
2026-02-24 23:18:38,144 - pednstream.ltm.network - INFO - No OD flows provided, initializing with ones
2026-02-24 23:18:38,145 - pednstream.ltm.network - INFO - Controller node 2: Added 0 detour path(s) for OD (0, 6)
2026-02-24 23:18:38,145 - pednstream.ltm.network - INFO - Network initialization started, assign flows type: classic
2026-02-24 23:18:38,145 - pednstream.ltm.network - INFO - Controller configuration: enabled: True, nodes: {2}, links: []
2026-02-24 23:18:38,146 - pednstream.ltm.network - INFO - Total demand of origin node 0: 50218
2026-02-24 23:18:38,146 - pednstream.ltm.network - INFO - Network initialized with 9 nodes and 20 links
2026-02-24 23:18:38,146 - pednstream.ltm.network - INFO - No OD flows provided, initializing with ones
2026-02-24 23:18:38,147 - pednstream.ltm.network - INFO - Controller node 2: Added 0 detour path(s) for OD (0, 6)
2026-02-24 23:18:59,359 - pednstream.ltm.network - INFO - Network initialization started, assign flows type: classic
2026-02-24 23:18:59,359 - pednstream.ltm.network - INFO - Controller configuration: enabled: True, nodes: {2}, links: []
2026-02-24 23:18:59,361 - pednstream.ltm.network - INFO - Total demand of origin node 0: 49750
2026-02-24 23:18:59,362 - pednstream.ltm.network - INFO - Network initialized with 9 nodes and 20 links
2026-02-24 23:18:59,362 - pednstream.ltm.network - INFO - No OD flows provided, initializing with ones
2026-02-24 23:18:59,366 - pednstream.ltm.network - INFO - Controller node 2: Added 0 detour path(s) for OD (0, 6)
2026-02-24 23:18:59,368 - pednstream.ltm.network - INFO - Network initialization started, assign flows type: classic
2026-02-24 23:18:59,368 - pednstream.ltm.network - INFO - Controller configuration: enabled: True, nodes: {2}, links: []
2026-02-24 23:18:59,368 - pednstream.ltm.network - INFO - Total demand of origin node 0: 50218
2026-02-24 23:18:59,369 - pednstream.ltm.network - INFO - Network initialized with 9 nodes and 20 links
2026-02-24 23:18:59,369 - pednstream.ltm.network - INFO - No OD flows provided, initializing with ones
2026-02-24 23:18:59,371 - pednstream.ltm.network - INFO - Controller node 2: Added 0 detour path(s) for OD (0, 6)
2026-02-24 23:20:11,622 - pednstream.ltm.network - INFO - Network initialization started, assign flows type: classic
2026-02-24 23:20:11,622 - pednstream.ltm.network - INFO - Controller configuration: enabled: True, nodes: {2}, links: []
2026-02-24 23:20:11,622 - pednstream.ltm.network - INFO - Total demand of origin node 0: 50401
2026-02-24 23:20:11,623 - pednstream.ltm.network - INFO - Network initialized with 9 nodes and 20 links
2026-02-24 23:20:11,623 - pednstream.ltm.network - INFO - No OD flows provided, initializing with ones
2026-02-24 23:20:11,624 - pednstream.ltm.network - INFO - Controller node 2: Added 0 detour path(s) for OD (0, 6)
2026-02-24 23:20:11,625 - pednstream.ltm.network - INFO - Network initialization started, assign flows type: classic
2026-02-24 23:20:11,625 - pednstream.ltm.network - INFO - Controller configuration: enabled: True, nodes: {2}, links: []
2026-02-24 23:20:11,625 - pednstream.ltm.network - INFO - Total demand of origin node 0: 50218
2026-02-24 23:20:11,626 - pednstream.ltm.network - INFO - Network initialized with 9 nodes and 20 links
2026-02-24 23:20:11,626 - pednstream.ltm.network - INFO - No OD flows provided, initializing with ones
2026-02-24 23:20:11,626 - pednstream.ltm.network - INFO - Controller node 2: Added 0 detour path(s) for OD (0, 6)
2026-02-24 23:20:40,359 - pednstream.ltm.network - INFO - Network initialization started, assign flows type: classic
2026-02-24 23:20:40,360 - pednstream.ltm.network - INFO - Controller configuration: enabled: True, nodes: {2}, links: []
2026-02-24 23:20:40,361 - pednstream.ltm.network - INFO - Total demand of origin node 0: 50187
2026-02-24 23:20:40,362 - pednstream.ltm.network - INFO - Network initialized with 9 nodes and 20 links
2026-02-24 23:20:40,362 - pednstream.ltm.network - INFO - No OD flows provided, initializing with ones
2026-02-24 23:20:40,363 - pednstream.ltm.network - INFO - Controller node 2: Added 0 detour path(s) for OD (0, 6)
2026-02-24 23:20:40,364 - pednstream.ltm.network - INFO - Network initialization started, assign flows type: classic
2026-02-24 23:20:40,364 - pednstream.ltm.network - INFO - Controller configuration: enabled: True, nodes: {2}, links: []
2026-02-24 23:20:40,364 - pednstream.ltm.network - INFO - Total demand of origin node 0: 50218
2026-02-24 23:20:40,365 - pednstream.ltm.network - INFO - Network initialized with 9 nodes and 20 links
2026-02-24 23:20:40,365 - pednstream.ltm.network - INFO - No OD flows provided, initializing with ones
2026-02-24 23:20:40,366 - pednstream.ltm.network - INFO - Controller node 2: Added 0 detour path(s) for OD (0, 6)
2026-02-24 23:21:05,883 - pednstream.ltm.network - INFO - Network initialization started, assign flows type: classic
2026-02-24 23:21:05,883 - pednstream.ltm.network - INFO - Controller configuration: enabled: True, nodes: {2}, links: []
2026-02-24 23:21:05,885 - pednstream.ltm.network - INFO - Total demand of origin node 0: 49916
2026-02-24 23:21:05,886 - pednstream.ltm.network - INFO - Network initialized with 9 nodes and 20 links
2026-02-24 23:21:05,886 - pednstream.ltm.network - INFO - No OD flows provided, initializing with ones
2026-02-24 23:21:05,887 - pednstream.ltm.network - INFO - Controller node 2: Added 0 detour path(s) for OD (0, 6)
2026-02-24 23:21:05,888 - pednstream.ltm.network - INFO - Network initialization started, assign flows type: classic
2026-02-24 23:21:05,888 - pednstream.ltm.network - INFO - Controller configuration: enabled: True, nodes: {2}, links: []
2026-02-24 23:21:05,888 - pednstream.ltm.network - INFO - Total demand of origin node 0: 50218
2026-02-24 23:21:05,888 - pednstream.ltm.network - INFO - Network initialized with 9 nodes and 20 links
2026-02-24 23:21:05,888 - pednstream.ltm.network - INFO - No OD flows provided, initializing with ones
2026-02-24 23:21:05,889 - pednstream.ltm.network - INFO - Controller node 2: Added 0 detour path(s) for OD (0, 6)
2026-02-24 23:21:33,435 - pednstream.ltm.network - INFO - Network initialization started, assign flows type: classic
2026-02-24 23:21:33,435 - pednstream.ltm.network - INFO - Controller configuration: enabled: True, nodes: {2}, links: []
2026-02-24 23:21:33,436 - pednstream.ltm.network - INFO - Total demand of origin node 0: 49984
2026-02-24 23:21:33,437 - pednstream.ltm.network - INFO - Network initialized with 9 nodes and 20 links
2026-02-24 23:21:33,437 - pednstream.ltm.network - INFO - No OD flows provided, initializing with ones
2026-02-24 23:21:33,438 - pednstream.ltm.network - INFO - Controller node 2: Added 0 detour path(s) for OD (0, 6)
2026-02-24 23:21:33,439 - pednstream.ltm.network - INFO - Network initialization started, assign flows type: classic
2026-02-24 23:21:33,439 - pednstream.ltm.network - INFO - Controller configuration: enabled: True, nodes: {2}, links: []
2026-02-24 23:21:33,439 - pednstream.ltm.network - INFO - Total demand of origin node 0: 50218
2026-02-24 23:21:33,440 - pednstream.ltm.network - INFO - Network initialized with 9 nodes and 20 links
2026-02-24 23:21:33,440 - pednstream.ltm.network - INFO - No OD flows provided, initializing with ones
2026-02-24 23:21:33,440 - pednstream.ltm.network - INFO - Controller node 2: Added 0 detour path(s) for OD (0, 6)
2026-02-24 23:22:06,815 - pednstream.ltm.network - INFO - Network initialization started, assign flows type: classic
2026-02-24 23:22:06,815 - pednstream.ltm.network - INFO - Controller configuration: enabled: True, nodes: {2}, links: []
2026-02-24 23:22:06,817 - pednstream.ltm.network - INFO - Total demand of origin node 0: 50227
2026-02-24 23:22:06,818 - pednstream.ltm.network - INFO - Network initialized with 9 nodes and 20 links
2026-02-24 23:22:06,818 - pednstream.ltm.network - INFO - No OD flows provided, initializing with ones
2026-02-24 23:22:06,819 - pednstream.ltm.network - INFO - Controller node 2: Added 0 detour path(s) for OD (0, 6)
2026-02-24 23:22:06,820 - pednstream.ltm.network - INFO - Network initialization started, assign flows type: classic
2026-02-24 23:22:06,820 - pednstream.ltm.network - INFO - Controller configuration: enabled: True, nodes: {2}, links: []
2026-02-24 23:22:06,820 - pednstream.ltm.network - INFO - Total demand of origin node 0: 50218
2026-02-24 23:22:06,821 - pednstream.ltm.network - INFO - Network initialized with 9 nodes and 20 links
2026-02-24 23:22:06,821 - pednstream.ltm.network - INFO - No OD flows provided, initializing with ones
2026-02-24 23:22:06,821 - pednstream.ltm.network - INFO - Controller node 2: Added 0 detour path(s) for OD (0, 6)
2026-02-24 23:22:29,439 - pednstream.ltm.network - INFO - Network initialization started, assign flows type: classic
2026-02-24 23:22:29,439 - pednstream.ltm.network - INFO - Controller configuration: enabled: True, nodes: {2}, links: []
2026-02-24 23:22:29,439 - pednstream.ltm.network - INFO - Total demand of origin node 0: 50160
2026-02-24 23:22:29,440 - pednstream.ltm.network - INFO - Network initialized with 9 nodes and 20 links
2026-02-24 23:22:29,440 - pednstream.ltm.network - INFO - No OD flows provided, initializing with ones
2026-02-24 23:22:29,441 - pednstream.ltm.network - INFO - Controller node 2: Added 0 detour path(s) for OD (0, 6)
2026-02-24 23:22:29,441 - pednstream.ltm.network - INFO - Network initialization started, assign flows type: classic
2026-02-24 23:22:29,442 - pednstream.ltm.network - INFO - Controller configuration: enabled: True, nodes: {2}, links: []
2026-02-24 23:22:29,442 - pednstream.ltm.network - INFO - Total demand of origin node 0: 50218
2026-02-24 23:22:29,442 - pednstream.ltm.network - INFO - Network initialized with 9 nodes and 20 links
2026-02-24 23:22:29,442 - pednstream.ltm.network - INFO - No OD flows provided, initializing with ones
2026-02-24 23:22:29,443 - pednstream.ltm.network - INFO - Controller node 2: Added 0 detour path(s) for OD (0, 6)
2026-02-25 12:29:20,653 - pednstream.ltm.network - INFO - Network initialization started, assign flows type: classic
2026-02-25 12:29:20,653 - pednstream.ltm.network - INFO - Controller configuration: enabled: True, nodes: {2}, links: []
2026-02-25 12:29:20,653 - pednstream.ltm.network - INFO - Total demand of origin node 0: 49961
2026-02-25 12:29:20,654 - pednstream.ltm.network - INFO - Network initialized with 9 nodes and 20 links
2026-02-25 12:29:20,654 - pednstream.ltm.network - INFO - No OD flows provided, initializing with ones
2026-02-25 12:29:20,655 - pednstream.ltm.network - INFO - Controller node 2: Added 0 detour path(s) for OD (0, 6)
2026-02-25 12:29:20,656 - pednstream.ltm.network - INFO - Network initialization started, assign flows type: classic
2026-02-25 12:29:20,656 - pednstream.ltm.network - INFO - Controller configuration: enabled: True, nodes: {2}, links: []
2026-02-25 12:29:20,656 - pednstream.ltm.network - INFO - Total demand of origin node 0: 50218
2026-02-25 12:29:20,656 - pednstream.ltm.network - INFO - Network initialized with 9 nodes and 20 links
2026-02-25 12:29:20,656 - pednstream.ltm.network - INFO - No OD flows provided, initializing with ones
2026-02-25 12:29:20,657 - pednstream.ltm.network - INFO - Controller node 2: Added 0 detour path(s) for OD (0, 6)
2026-02-25 12:32:00,353 - pednstream.ltm.network - INFO - Network initialization started, assign flows type: classic
2026-02-25 12:32:00,354 - pednstream.ltm.network - INFO - Controller configuration: enabled: True, nodes: {2}, links: []
2026-02-25 12:32:00,354 - pednstream.ltm.network - INFO - Total demand of origin node 0: 50252
2026-02-25 12:32:00,355 - pednstream.ltm.network - INFO - Network initialized with 9 nodes and 20 links
2026-02-25 12:32:00,355 - pednstream.ltm.network - INFO - No OD flows provided, initializing with ones
2026-02-25 12:32:00,356 - pednstream.ltm.network - INFO - Controller node 2: Added 0 detour path(s) for OD (0, 6)
2026-02-25 12:32:00,356 - pednstream.ltm.network - INFO - Network initialization started, assign flows type: classic
2026-02-25 12:32:00,356 - pednstream.ltm.network - INFO - Controller configuration: enabled: True, nodes: {2}, links: []
2026-02-25 12:32:00,356 - pednstream.ltm.network - INFO - Total demand of origin node 0: 50218
2026-02-25 12:32:00,357 - pednstream.ltm.network - INFO - Network initialized with 9 nodes and 20 links
2026-02-25 12:32:00,357 - pednstream.ltm.network - INFO - No OD flows provided, initializing with ones
2026-02-25 12:32:00,357 - pednstream.ltm.network - INFO - Controller node 2: Added 0 detour path(s) for OD (0, 6)
2026-02-25 12:36:04,886 - pednstream.ltm.network - INFO - Network initialization started, assign flows type: classic
2026-02-25 12:36:04,886 - pednstream.ltm.network - INFO - Controller configuration: enabled: True, nodes: {2}, links: []
2026-02-25 12:36:04,886 - pednstream.ltm.network - INFO - Total demand of origin node 0: 50302
2026-02-25 12:36:04,887 - pednstream.ltm.network - INFO - Network initialized with 9 nodes and 20 links
2026-02-25 12:36:04,887 - pednstream.ltm.network - INFO - No OD flows provided, initializing with ones
2026-02-25 12:36:04,888 - pednstream.ltm.network - INFO - Controller node 2: Added 0 detour path(s) for OD (0, 6)
2026-02-25 12:36:04,888 - pednstream.ltm.network - INFO - Network initialization started, assign flows type: classic
2026-02-25 12:36:04,888 - pednstream.ltm.network - INFO - Controller configuration: enabled: True, nodes: {2}, links: []
2026-02-25 12:36:04,889 - pednstream.ltm.network - INFO - Total demand of origin node 0: 50218
2026-02-25 12:36:04,889 - pednstream.ltm.network - INFO - Network initialized with 9 nodes and 20 links
2026-02-25 12:36:04,889 - pednstream.ltm.network - INFO - No OD flows provided, initializing with ones
2026-02-25 12:36:04,890 - pednstream.ltm.network - INFO - Controller node 2: Added 0 detour path(s) for OD (0, 6)
2026-02-25 12:36:39,609 - pednstream.ltm.network - INFO - Network initialization started, assign flows type: classic
2026-02-25 12:36:39,609 - pednstream.ltm.network - INFO - Controller configuration: enabled: True, nodes: {2}, links: []
2026-02-25 12:36:39,610 - pednstream.ltm.network - INFO - Total demand of origin node 0: 50070
2026-02-25 12:36:39,610 - pednstream.ltm.network - INFO - Network initialized with 9 nodes and 20 links
2026-02-25 12:36:39,610 - pednstream.ltm.network - INFO - No OD flows provided, initializing with ones
2026-02-25 12:36:39,611 - pednstream.ltm.network - INFO - Controller node 2: Added 0 detour path(s) for OD (0, 6)
2026-02-25 12:36:39,612 - pednstream.ltm.network - INFO - Network initialization started, assign flows type: classic
2026-02-25 12:36:39,612 - pednstream.ltm.network - INFO - Controller configuration: enabled: True, nodes: {2}, links: []
2026-02-25 12:36:39,612 - pednstream.ltm.network - INFO - Total demand of origin node 0: 50218
2026-02-25 12:36:39,613 - pednstream.ltm.network - INFO - Network initialized with 9 nodes and 20 links
2026-02-25 12:36:39,613 - pednstream.ltm.network - INFO - No OD flows provided, initializing with ones
2026-02-25 12:36:39,613 - pednstream.ltm.network - INFO - Controller node 2: Added 0 detour path(s) for OD (0, 6)
2026-02-25 12:38:06,993 - pednstream.ltm.network - INFO - Network initialization started, assign flows type: classic
2026-02-25 12:38:06,993 - pednstream.ltm.network - INFO - Controller configuration: enabled: True, nodes: {2}, links: []
2026-02-25 12:38:06,994 - pednstream.ltm.network - INFO - Total demand of origin node 0: 50561
2026-02-25 12:38:06,994 - pednstream.ltm.network - INFO - Network initialized with 9 nodes and 20 links
2026-02-25 12:38:06,994 - pednstream.ltm.network - INFO - No OD flows provided, initializing with ones
2026-02-25 12:38:06,995 - pednstream.ltm.network - INFO - Controller node 2: Added 0 detour path(s) for OD (0, 6)
2026-02-25 12:38:06,996 - pednstream.ltm.network - INFO - Network initialization started, assign flows type: classic
2026-02-25 12:38:06,996 - pednstream.ltm.network - INFO - Controller configuration: enabled: True, nodes: {2}, links: []
2026-02-25 12:38:06,996 - pednstream.ltm.network - INFO - Total demand of origin node 0: 50218
2026-02-25 12:38:06,997 - pednstream.ltm.network - INFO - Network initialized with 9 nodes and 20 links
2026-02-25 12:38:06,997 - pednstream.ltm.network - INFO - No OD flows provided, initializing with ones
2026-02-25 12:38:06,997 - pednstream.ltm.network - INFO - Controller node 2: Added 0 detour path(s) for OD (0, 6)
2026-02-25 12:38:31,320 - pednstream.ltm.network - INFO - Network initialization started, assign flows type: classic
2026-02-25 12:38:31,320 - pednstream.ltm.network - INFO - Controller configuration: enabled: True, nodes: {2}, links: []
2026-02-25 12:38:31,320 - pednstream.ltm.network - INFO - Total demand of origin node 0: 50071
2026-02-25 12:38:31,321 - pednstream.ltm.network - INFO - Network initialized with 9 nodes and 20 links
2026-02-25 12:38:31,321 - pednstream.ltm.network - INFO - No OD flows provided, initializing with ones
2026-02-25 12:38:31,322 - pednstream.ltm.network - INFO - Controller node 2: Added 0 detour path(s) for OD (0, 6)
2026-02-25 12:38:31,322 - pednstream.ltm.network - INFO - Network initialization started, assign flows type: classic
2026-02-25 12:38:31,322 - pednstream.ltm.network - INFO - Controller configuration: enabled: True, nodes: {2}, links: []
2026-02-25 12:38:31,323 - pednstream.ltm.network - INFO - Total demand of origin node 0: 50218
2026-02-25 12:38:31,323 - pednstream.ltm.network - INFO - Network initialized with 9 nodes and 20 links
2026-02-25 12:38:31,323 - pednstream.ltm.network - INFO - No OD flows provided, initializing with ones
2026-02-25 12:38:31,324 - pednstream.ltm.network - INFO - Controller node 2: Added 0 detour path(s) for OD (0, 6)
2026-02-25 12:38:41,234 - pednstream.ltm.network - INFO - Network initialization started, assign flows type: classic
2026-02-25 12:38:41,234 - pednstream.ltm.network - INFO - Controller configuration: enabled: True, nodes: {2}, links: []
2026-02-25 12:38:41,234 - pednstream.ltm.network - INFO - Total demand of origin node 0: 49780
2026-02-25 12:38:41,235 - pednstream.ltm.network - INFO - Network initialized with 9 nodes and 20 links
2026-02-25 12:38:41,235 - pednstream.ltm.network - INFO - No OD flows provided, initializing with ones
2026-02-25 12:38:41,236 - pednstream.ltm.network - INFO - Controller node 2: Added 0 detour path(s) for OD (0, 6)
2026-02-25 12:38:41,236 - pednstream.ltm.network - INFO - Network initialization started, assign flows type: classic
2026-02-25 12:38:41,236 - pednstream.ltm.network - INFO - Controller configuration: enabled: True, nodes: {2}, links: []
2026-02-25 12:38:41,236 - pednstream.ltm.network - INFO - Total demand of origin node 0: 50218
2026-02-25 12:38:41,237 - pednstream.ltm.network - INFO - Network initialized with 9 nodes and 20 links
2026-02-25 12:38:41,237 - pednstream.ltm.network - INFO - No OD flows provided, initializing with ones
2026-02-25 12:38:41,237 - pednstream.ltm.network - INFO - Controller node 2: Added 0 detour path(s) for OD (0, 6)
2026-02-25 12:43:16,308 - pednstream.ltm.network - INFO - Network initialization started, assign flows type: classic
2026-02-25 12:43:16,308 - pednstream.ltm.network - INFO - Controller configuration: enabled: True, nodes: {2}, links: []
2026-02-25 12:43:16,308 - pednstream.ltm.network - INFO - Total demand of origin node 0: 50193
2026-02-25 12:43:16,309 - pednstream.ltm.network - INFO - Network initialized with 9 nodes and 20 links
2026-02-25 12:43:16,309 - pednstream.ltm.network - INFO - No OD flows provided, initializing with ones
2026-02-25 12:43:16,310 - pednstream.ltm.network - INFO - Controller node 2: Added 0 detour path(s) for OD (0, 6)
2026-02-25 12:43:16,310 - pednstream.ltm.network - INFO - Network initialization started, assign flows type: classic
2026-02-25 12:43:16,310 - pednstream.ltm.network - INFO - Controller configuration: enabled: True, nodes: {2}, links: []
2026-02-25 12:43:16,311 - pednstream.ltm.network - INFO - Total demand of origin node 0: 50218
2026-02-25 12:43:16,311 - pednstream.ltm.network - INFO - Network initialized with 9 nodes and 20 links
2026-02-25 12:43:16,311 - pednstream.ltm.network - INFO - No OD flows provided, initializing with ones
2026-02-25 12:43:16,312 - pednstream.ltm.network - INFO - Controller node 2: Added 0 detour path(s) for OD (0, 6)
2026-02-25 14:14:39,883 - pednstream.ltm.network - INFO - Network initialization started, assign flows type: classic
2026-02-25 14:14:39,884 - pednstream.ltm.network - INFO - Controller configuration: enabled: True, nodes: {2}, links: []
2026-02-25 14:14:39,885 - pednstream.ltm.network - INFO - Total demand of origin node 0: 50317
2026-02-25 14:14:39,886 - pednstream.ltm.network - INFO - Network initialized with 9 nodes and 20 links
2026-02-25 14:14:39,886 - pednstream.ltm.network - INFO - No OD flows provided, initializing with ones
2026-02-25 14:14:39,887 - pednstream.ltm.network - INFO - Controller node 2: Added 0 detour path(s) for OD (0, 6)
2026-02-25 14:14:39,888 - pednstream.ltm.network - INFO - Network initialization started, assign flows type: classic
2026-02-25 14:14:39,888 - pednstream.ltm.network - INFO - Controller configuration: enabled: True, nodes: {2}, links: []
2026-02-25 14:14:39,888 - pednstream.ltm.network - INFO - Total demand of origin node 0: 50218
2026-02-25 14:14:39,889 - pednstream.ltm.network - INFO - Network initialized with 9 nodes and 20 links
2026-02-25 14:14:39,889 - pednstream.ltm.network - INFO - No OD flows provided, initializing with ones
2026-02-25 14:14:39,889 - pednstream.ltm.network - INFO - Controller node 2: Added 0 detour path(s) for OD (0, 6)
2026-02-25 14:19:48,792 - pednstream.ltm.network - INFO - Network initialization started, assign flows type: classic
2026-02-25 14:19:48,792 - pednstream.ltm.network - INFO - Controller configuration: enabled: True, nodes: {2}, links: []
2026-02-25 14:19:48,793 - pednstream.ltm.network - INFO - Total demand of origin node 0: 49858
2026-02-25 14:19:48,793 - pednstream.ltm.network - INFO - Network initialized with 9 nodes and 20 links
2026-02-25 14:19:48,793 - pednstream.ltm.network - INFO - No OD flows provided, initializing with ones
2026-02-25 14:19:48,794 - pednstream.ltm.network - INFO - Controller node 2: Added 0 detour path(s) for OD (0, 6)
2026-02-25 14:19:48,795 - pednstream.ltm.network - INFO - Network initialization started, assign flows type: classic
2026-02-25 14:19:48,795 - pednstream.ltm.network - INFO - Controller configuration: enabled: True, nodes: {2}, links: []
2026-02-25 14:19:48,795 - pednstream.ltm.network - INFO - Total demand of origin node 0: 50218
2026-02-25 14:19:48,796 - pednstream.ltm.network - INFO - Network initialized with 9 nodes and 20 links
2026-02-25 14:19:48,796 - pednstream.ltm.network - INFO - No OD flows provided, initializing with ones
2026-02-25 14:19:48,796 - pednstream.ltm.network - INFO - Controller node 2: Added 0 detour path(s) for OD (0, 6)
2026-02-25 14:45:12,614 - pednstream.ltm.network - INFO - Network initialization started, assign flows type: classic
2026-02-25 14:45:12,615 - pednstream.ltm.network - INFO - Controller configuration: enabled: True, nodes: {2}, links: []
2026-02-25 14:45:12,616 - pednstream.ltm.network - INFO - Total demand of origin node 0: 50277
2026-02-25 14:45:12,617 - pednstream.ltm.network - INFO - Network initialized with 9 nodes and 20 links
2026-02-25 14:45:12,617 - pednstream.ltm.network - INFO - No OD flows provided, initializing with ones
2026-02-25 14:45:12,618 - pednstream.ltm.network - INFO - Controller node 2: Added 0 detour path(s) for OD (0, 6)
2026-02-25 14:45:12,619 - pednstream.ltm.network - INFO - Network initialization started, assign flows type: classic
2026-02-25 14:45:12,619 - pednstream.ltm.network - INFO - Controller configuration: enabled: True, nodes: {2}, links: []
2026-02-25 14:45:12,619 - pednstream.ltm.network - INFO - Total demand of origin node 0: 50218
2026-02-25 14:45:12,620 - pednstream.ltm.network - INFO - Network initialized with 9 nodes and 20 links
2026-02-25 14:45:12,620 - pednstream.ltm.network - INFO - No OD flows provided, initializing with ones
2026-02-25 14:45:12,620 - pednstream.ltm.network - INFO - Controller node 2: Added 0 detour path(s) for OD (0, 6)
2026-02-25 14:52:54,052 - pednstream.ltm.network - INFO - Network initialization started, assign flows type: classic
2026-02-25 14:52:54,052 - pednstream.ltm.network - INFO - Controller configuration: enabled: True, nodes: {2}, links: []
2026-02-25 14:52:54,052 - pednstream.ltm.network - INFO - Total demand of origin node 0: 50115
2026-02-25 14:52:54,053 - pednstream.ltm.network - INFO - Network initialized with 9 nodes and 20 links
2026-02-25 14:52:54,053 - pednstream.ltm.network - INFO - No OD flows provided, initializing with ones
2026-02-25 14:52:54,054 - pednstream.ltm.network - INFO - Controller node 2: Added 0 detour path(s) for OD (0, 6)
2026-02-25 14:52:54,054 - pednstream.ltm.network - INFO - Network initialization started, assign flows type: classic
2026-02-25 14:52:54,054 - pednstream.ltm.network - INFO - Controller configuration: enabled: True, nodes: {2}, links: []
2026-02-25 14:52:54,055 - pednstream.ltm.network - INFO - Total demand of origin node 0: 50218
2026-02-25 14:52:54,055 - pednstream.ltm.network - INFO - Network initialized with 9 nodes and 20 links
2026-02-25 14:52:54,055 - pednstream.ltm.network - INFO - No OD flows provided, initializing with ones
2026-02-25 14:52:54,056 - pednstream.ltm.network - INFO - Controller node 2: Added 0 detour path(s) for OD (0, 6)
2026-02-25 14:53:10,397 - pednstream.ltm.network - INFO - Network initialization started, assign flows type: classic
2026-02-25 14:53:10,397 - pednstream.ltm.network - INFO - Controller configuration: enabled: True, nodes: {2}, links: []
2026-02-25 14:53:10,398 - pednstream.ltm.network - INFO - Total demand of origin node 0: 50103
2026-02-25 14:53:10,398 - pednstream.ltm.network - INFO - Network initialized with 9 nodes and 20 links
2026-02-25 14:53:10,398 - pednstream.ltm.network - INFO - No OD flows provided, initializing with ones
2026-02-25 14:53:10,399 - pednstream.ltm.network - INFO - Controller node 2: Added 0 detour path(s) for OD (0, 6)
2026-02-25 14:53:10,400 - pednstream.ltm.network - INFO - Network initialization started, assign flows type: classic
2026-02-25 14:53:10,400 - pednstream.ltm.network - INFO - Controller configuration: enabled: True, nodes: {2}, links: []
2026-02-25 14:53:10,400 - pednstream.ltm.network - INFO - Total demand of origin node 0: 50218
2026-02-25 14:53:10,400 - pednstream.ltm.network - INFO - Network initialized with 9 nodes and 20 links
2026-02-25 14:53:10,401 - pednstream.ltm.network - INFO - No OD flows provided, initializing with ones
2026-02-25 14:53:10,401 - pednstream.ltm.network - INFO - Controller node 2: Added 0 detour path(s) for OD (0, 6)
2026-02-25 14:59:46,235 - pednstream.ltm.network - INFO - Network initialization started, assign flows type: classic
2026-02-25 14:59:46,236 - pednstream.ltm.network - INFO - Controller configuration: enabled: True, nodes: {2}, links: []
2026-02-25 14:59:46,236 - pednstream.ltm.network - INFO - Total demand of origin node 0: 50245
2026-02-25 14:59:46,236 - pednstream.ltm.network - INFO - Network initialized with 9 nodes and 20 links
2026-02-25 14:59:46,237 - pednstream.ltm.network - INFO - No OD flows provided, initializing with ones
2026-02-25 14:59:46,238 - pednstream.ltm.network - INFO - Controller node 2: Added 0 detour path(s) for OD (0, 6)
2026-02-25 14:59:46,238 - pednstream.ltm.network - INFO - Network initialization started, assign flows type: classic
2026-02-25 14:59:46,238 - pednstream.ltm.network - INFO - Controller configuration: enabled: True, nodes: {2}, links: []
2026-02-25 14:59:46,238 - pednstream.ltm.network - INFO - Total demand of origin node 0: 50218
2026-02-25 14:59:46,239 - pednstream.ltm.network - INFO - Network initialized with 9 nodes and 20 links
2026-02-25 14:59:46,239 - pednstream.ltm.network - INFO - No OD flows provided, initializing with ones
2026-02-25 14:59:46,239 - pednstream.ltm.network - INFO - Controller node 2: Added 0 detour path(s) for OD (0, 6)
2026-02-25 15:20:28,793 - pednstream.ltm.network - INFO - Network initialization started, assign flows type: classic
2026-02-25 15:20:28,793 - pednstream.ltm.network - INFO - Controller configuration: enabled: True, nodes: {2}, links: []
2026-02-25 15:20:28,795 - pednstream.ltm.network - INFO - Total demand of origin node 0: 50087
2026-02-25 15:20:28,796 - pednstream.ltm.network - INFO - Network initialized with 9 nodes and 20 links
2026-02-25 15:20:28,796 - pednstream.ltm.network - INFO - No OD flows provided, initializing with ones
2026-02-25 15:20:28,797 - pednstream.ltm.network - INFO - Controller node 2: Added 0 detour path(s) for OD (0, 6)
2026-02-25 15:20:28,798 - pednstream.ltm.network - INFO - Network initialization started, assign flows type: classic
2026-02-25 15:20:28,798 - pednstream.ltm.network - INFO - Controller configuration: enabled: True, nodes: {2}, links: []
2026-02-25 15:20:28,799 - pednstream.ltm.network - INFO - Total demand of origin node 0: 50218
2026-02-25 15:20:28,799 - pednstream.ltm.network - INFO - Network initialized with 9 nodes and 20 links
2026-02-25 15:20:28,799 - pednstream.ltm.network - INFO - No OD flows provided, initializing with ones
2026-02-25 15:20:28,800 - pednstream.ltm.network - INFO - Controller node 2: Added 0 detour path(s) for OD (0, 6)
2026-02-25 15:32:52,012 - pednstream.ltm.network - INFO - Network initialization started, assign flows type: classic
2026-02-25 15:32:52,012 - pednstream.ltm.network - INFO - Controller configuration: enabled: True, nodes: {2}, links: []
2026-02-25 15:32:52,014 - pednstream.ltm.network - INFO - Total demand of origin node 0: 49964
2026-02-25 15:32:52,014 - pednstream.ltm.network - INFO - Network initialized with 9 nodes and 20 links
2026-02-25 15:32:52,014 - pednstream.ltm.network - INFO - No OD flows provided, initializing with ones
2026-02-25 15:32:52,015 - pednstream.ltm.network - INFO - Controller node 2: Added 0 detour path(s) for OD (0, 6)
2026-02-25 15:32:52,016 - pednstream.ltm.network - INFO - Network initialization started, assign flows type: classic
2026-02-25 15:32:52,016 - pednstream.ltm.network - INFO - Controller configuration: enabled: True, nodes: {2}, links: []
2026-02-25 15:32:52,016 - pednstream.ltm.network - INFO - Total demand of origin node 0: 50218
2026-02-25 15:32:52,017 - pednstream.ltm.network - INFO - Network initialized with 9 nodes and 20 links
2026-02-25 15:32:52,017 - pednstream.ltm.network - INFO - No OD flows provided, initializing with ones
2026-02-25 15:32:52,017 - pednstream.ltm.network - INFO - Controller node 2: Added 0 detour path(s) for OD (0, 6)
2026-02-25 15:33:17,619 - pednstream.ltm.network - INFO - Network initialization started, assign flows type: classic
2026-02-25 15:33:17,619 - pednstream.ltm.network - INFO - Controller configuration: enabled: True, nodes: {2}, links: []
2026-02-25 15:33:17,619 - pednstream.ltm.network - INFO - Total demand of origin node 0: 27964
2026-02-25 15:33:17,620 - pednstream.ltm.network - INFO - Total demand of origin node 1: 29947
2026-02-25 15:33:17,620 - pednstream.ltm.network - INFO - Total demand of origin node 7: 27388
2026-02-25 15:33:17,620 - pednstream.ltm.network - INFO - Total demand of origin node 8: 27870
2026-02-25 15:33:17,620 - pednstream.ltm.network - INFO - Network initialized with 9 nodes and 20 links
2026-02-25 15:33:17,622 - pednstream.ltm.network - INFO - Controller node 2: Added 0 detour path(s) for OD (0, 7)
2026-02-25 15:33:17,623 - pednstream.ltm.network - INFO - Controller node 2: Added 0 detour path(s) for OD (7, 1)
2026-02-25 15:33:17,623 - pednstream.ltm.network - INFO - Controller node 2: Added 0 detour path(s) for OD (8, 1)
2026-02-25 15:33:17,624 - pednstream.ltm.network - INFO - Controller node 2: Added 0 detour path(s) for OD (1, 8)
2026-02-25 15:33:17,624 - pednstream.ltm.network - INFO - Controller node 2: Added 0 detour path(s) for OD (7, 0)
2026-02-25 15:33:17,624 - pednstream.ltm.network - INFO - Controller node 2: Added 0 detour path(s) for OD (8, 0)
2026-02-25 15:33:17,625 - pednstream.ltm.network - INFO - Controller node 2: Added 0 detour path(s) for OD (1, 7)
2026-02-25 15:33:17,625 - pednstream.ltm.network - INFO - Controller node 2: Added 0 detour path(s) for OD (0, 8)
2026-02-25 15:33:17,627 - pednstream.ltm.network - INFO - Network initialization started, assign flows type: classic
2026-02-25 15:33:17,627 - pednstream.ltm.network - INFO - Controller configuration: enabled: True, nodes: {2}, links: []
2026-02-25 15:33:17,627 - pednstream.ltm.network - INFO - Total demand of origin node 0: 28240
2026-02-25 15:33:17,627 - pednstream.ltm.network - INFO - Total demand of origin node 1: 29681
2026-02-25 15:33:17,627 - pednstream.ltm.network - INFO - Total demand of origin node 7: 27113
2026-02-25 15:33:17,628 - pednstream.ltm.network - INFO - Total demand of origin node 8: 27989
2026-02-25 15:33:17,628 - pednstream.ltm.network - INFO - Network initialized with 9 nodes and 20 links
2026-02-25 15:33:17,630 - pednstream.ltm.network - INFO - Controller node 2: Added 0 detour path(s) for OD (0, 7)
2026-02-25 15:33:17,630 - pednstream.ltm.network - INFO - Controller node 2: Added 0 detour path(s) for OD (7, 1)
2026-02-25 15:33:17,631 - pednstream.ltm.network - INFO - Controller node 2: Added 0 detour path(s) for OD (8, 1)
2026-02-25 15:33:17,631 - pednstream.ltm.network - INFO - Controller node 2: Added 0 detour path(s) for OD (1, 8)
2026-02-25 15:33:17,632 - pednstream.ltm.network - INFO - Controller node 2: Added 0 detour path(s) for OD (7, 0)
2026-02-25 15:33:17,632 - pednstream.ltm.network - INFO - Controller node 2: Added 0 detour path(s) for OD (8, 0)
2026-02-25 15:33:17,633 - pednstream.ltm.network - INFO - Controller node 2: Added 0 detour path(s) for OD (1, 7)
2026-02-25 15:33:17,633 - pednstream.ltm.network - INFO - Controller node 2: Added 0 detour path(s) for OD (0, 8)
2026-02-25 16:03:25,727 - pednstream.ltm.network - INFO - Network initialization started, assign flows type: classic
2026-02-25 16:03:25,728 - pednstream.ltm.network - INFO - Controller configuration: enabled: True, nodes: {2}, links: []
2026-02-25 16:03:25,729 - pednstream.ltm.network - INFO - Total demand of origin node 0: 28086
2026-02-25 16:03:25,729 - pednstream.ltm.network - INFO - Total demand of origin node 1: 30396
2026-02-25 16:03:25,730 - pednstream.ltm.network - INFO - Total demand of origin node 7: 27092
2026-02-25 16:03:25,730 - pednstream.ltm.network - INFO - Total demand of origin node 8: 27966
2026-02-25 16:03:25,730 - pednstream.ltm.network - INFO - Network initialized with 9 nodes and 20 links
2026-02-25 16:03:25,732 - pednstream.ltm.network - INFO - Controller node 2: Added 0 detour path(s) for OD (0, 7)
2026-02-25 16:03:25,733 - pednstream.ltm.network - INFO - Controller node 2: Added 0 detour path(s) for OD (7, 1)
2026-02-25 16:03:25,733 - pednstream.ltm.network - INFO - Controller node 2: Added 0 detour path(s) for OD (8, 1)
2026-02-25 16:03:25,734 - pednstream.ltm.network - INFO - Controller node 2: Added 0 detour path(s) for OD (1, 8)
2026-02-25 16:03:25,734 - pednstream.ltm.network - INFO - Controller node 2: Added 0 detour path(s) for OD (7, 0)
2026-02-25 16:03:25,735 - pednstream.ltm.network - INFO - Controller node 2: Added 0 detour path(s) for OD (8, 0)
2026-02-25 16:03:25,735 - pednstream.ltm.network - INFO - Controller node 2: Added 0 detour path(s) for OD (1, 7)
2026-02-25 16:03:25,736 - pednstream.ltm.network - INFO - Controller node 2: Added 0 detour path(s) for OD (0, 8)
2026-02-25 16:03:25,738 - pednstream.ltm.network - INFO - Network initialization started, assign flows type: classic
2026-02-25 16:03:25,738 - pednstream.ltm.network - INFO - Controller configuration: enabled: True, nodes: {2}, links: []
2026-02-25 16:03:25,738 - pednstream.ltm.network - INFO - Total demand of origin node 0: 28240
2026-02-25 16:03:25,738 - pednstream.ltm.network - INFO - Total demand of origin node 1: 29681
2026-02-25 16:03:25,739 - pednstream.ltm.network - INFO - Total demand of origin node 7: 27113
2026-02-25 16:03:25,739 - pednstream.ltm.network - INFO - Total demand of origin node 8: 27989
2026-02-25 16:03:25,739 - pednstream.ltm.network - INFO - Network initialized with 9 nodes and 20 links
2026-02-25 16:03:25,741 - pednstream.ltm.network - INFO - Controller node 2: Added 0 detour path(s) for OD (0, 7)
2026-02-25 16:03:25,742 - pednstream.ltm.network - INFO - Controller node 2: Added 0 detour path(s) for OD (7, 1)
2026-02-25 16:03:25,742 - pednstream.ltm.network - INFO - Controller node 2: Added 0 detour path(s) for OD (8, 1)
2026-02-25 16:03:25,743 - pednstream.ltm.network - INFO - Controller node 2: Added 0 detour path(s) for OD (1, 8)
2026-02-25 16:03:25,743 - pednstream.ltm.network - INFO - Controller node 2: Added 0 detour path(s) for OD (7, 0)
2026-02-25 16:03:25,744 - pednstream.ltm.network - INFO - Controller node 2: Added 0 detour path(s) for OD (8, 0)
2026-02-25 16:03:25,744 - pednstream.ltm.network - INFO - Controller node 2: Added 0 detour path(s) for OD (1, 7)
2026-02-25 16:03:25,745 - pednstream.ltm.network - INFO - Controller node 2: Added 0 detour path(s) for OD (0, 8)
2026-02-25 16:04:01,406 - pednstream.ltm.network - INFO - Network initialization started, assign flows type: classic
2026-02-25 16:04:01,406 - pednstream.ltm.network - INFO - Controller configuration: enabled: True, nodes: {2}, links: []
2026-02-25 16:04:01,406 - pednstream.ltm.network - INFO - Total demand of origin node 0: 8825
2026-02-25 16:04:01,407 - pednstream.ltm.network - INFO - Total demand of origin node 1: 34951
2026-02-25 16:04:01,408 - pednstream.ltm.network - INFO - Network initialized with 9 nodes and 20 links
2026-02-25 16:04:01,408 - pednstream.ltm.network - INFO - No OD flows provided, initializing with ones
2026-02-25 16:04:01,409 - pednstream.ltm.network - INFO - Controller node 2: Added 0 detour path(s) for OD (1, 6)
2026-02-25 16:04:01,409 - pednstream.ltm.network - INFO - Controller node 2: Added 0 detour path(s) for OD (0, 6)
2026-02-25 16:04:01,410 - pednstream.ltm.network - INFO - Network initialization started, assign flows type: classic
2026-02-25 16:04:01,410 - pednstream.ltm.network - INFO - Controller configuration: enabled: True, nodes: {2}, links: []
2026-02-25 16:04:01,410 - pednstream.ltm.network - INFO - Total demand of origin node 0: 9061
2026-02-25 16:04:01,410 - pednstream.ltm.network - INFO - Total demand of origin node 1: 34790
2026-02-25 16:04:01,411 - pednstream.ltm.network - INFO - Network initialized with 9 nodes and 20 links
2026-02-25 16:04:01,411 - pednstream.ltm.network - INFO - No OD flows provided, initializing with ones
2026-02-25 16:04:01,412 - pednstream.ltm.network - INFO - Controller node 2: Added 0 detour path(s) for OD (1, 6)
2026-02-25 16:04:01,412 - pednstream.ltm.network - INFO - Controller node 2: Added 0 detour path(s) for OD (0, 6)
2026-02-25 16:05:12,130 - pednstream.ltm.network - INFO - Network initialization started, assign flows type: classic
2026-02-25 16:05:12,131 - pednstream.ltm.network - INFO - Controller configuration: enabled: True, nodes: {2}, links: []
2026-02-25 16:05:12,131 - pednstream.ltm.network - INFO - Total demand of origin node 0: 8877
2026-02-25 16:05:12,132 - pednstream.ltm.network - INFO - Total demand of origin node 1: 35354
2026-02-25 16:05:12,132 - pednstream.ltm.network - INFO - Network initialized with 9 nodes and 20 links
2026-02-25 16:05:12,132 - pednstream.ltm.network - INFO - No OD flows provided, initializing with ones
2026-02-25 16:05:12,137 - pednstream.ltm.network - INFO - Controller node 2: Added 0 detour path(s) for OD (1, 6)
2026-02-25 16:05:12,139 - pednstream.ltm.network - INFO - Controller node 2: Added 0 detour path(s) for OD (0, 6)
2026-02-25 16:05:12,140 - pednstream.ltm.network - INFO - Network initialization started, assign flows type: classic
2026-02-25 16:05:12,140 - pednstream.ltm.network - INFO - Controller configuration: enabled: True, nodes: {2}, links: []
2026-02-25 16:05:12,141 - pednstream.ltm.network - INFO - Total demand of origin node 0: 9061
2026-02-25 16:05:12,141 - pednstream.ltm.network - INFO - Total demand of origin node 1: 34790
2026-02-25 16:05:12,142 - pednstream.ltm.network - INFO - Network initialized with 9 nodes and 20 links
2026-02-25 16:05:12,142 - pednstream.ltm.network - INFO - No OD flows provided, initializing with ones
2026-02-25 16:05:12,144 - pednstream.ltm.network - INFO - Controller node 2: Added 0 detour path(s) for OD (1, 6)
2026-02-25 16:05:12,147 - pednstream.ltm.network - INFO - Controller node 2: Added 0 detour path(s) for OD (0, 6)
2026-02-25 16:07:57,951 - pednstream.ltm.network - INFO - Network initialization started, assign flows type: classic
2026-02-25 16:07:57,951 - pednstream.ltm.network - INFO - Controller configuration: enabled: True, nodes: {2}, links: []
2026-02-25 16:07:57,951 - pednstream.ltm.network - INFO - Total demand of origin node 0: 8942
2026-02-25 16:07:57,952 - pednstream.ltm.network - INFO - Total demand of origin node 1: 35174
2026-02-25 16:07:57,953 - pednstream.ltm.network - INFO - Network initialized with 9 nodes and 20 links
2026-02-25 16:07:57,953 - pednstream.ltm.network - INFO - No OD flows provided, initializing with ones
2026-02-25 16:07:57,957 - pednstream.ltm.network - INFO - Controller node 2: Added 0 detour path(s) for OD (1, 6)
2026-02-25 16:07:57,959 - pednstream.ltm.network - INFO - Controller node 2: Added 0 detour path(s) for OD (0, 6)
2026-02-25 16:07:57,961 - pednstream.ltm.network - INFO - Network initialization started, assign flows type: classic
2026-02-25 16:07:57,961 - pednstream.ltm.network - INFO - Controller configuration: enabled: True, nodes: {2}, links: []
2026-02-25 16:07:57,961 - pednstream.ltm.network - INFO - Total demand of origin node 0: 9061
2026-02-25 16:07:57,961 - pednstream.ltm.network - INFO - Total demand of origin node 1: 34790
2026-02-25 16:07:57,962 - pednstream.ltm.network - INFO - Network initialized with 9 nodes and 20 links
2026-02-25 16:07:57,962 - pednstream.ltm.network - INFO - No OD flows provided, initializing with ones
2026-02-25 16:07:57,965 - pednstream.ltm.network - INFO - Controller node 2: Added 0 detour path(s) for OD (1, 6)
2026-02-25 16:07:57,967 - pednstream.ltm.network - INFO - Controller node 2: Added 0 detour path(s) for OD (0, 6)
2026-02-25 16:09:06,004 - pednstream.ltm.network - INFO - Network initialization started, assign flows type: classic
2026-02-25 16:09:06,004 - pednstream.ltm.network - INFO - Controller configuration: enabled: True, nodes: {2}, links: []
2026-02-25 16:09:06,005 - pednstream.ltm.network - INFO - Total demand of origin node 0: 9107
2026-02-25 16:09:06,005 - pednstream.ltm.network - INFO - Total demand of origin node 1: 35167
2026-02-25 16:09:06,006 - pednstream.ltm.network - INFO - Network initialized with 9 nodes and 20 links
2026-02-25 16:09:06,006 - pednstream.ltm.network - INFO - No OD flows provided, initializing with ones
2026-02-25 16:09:06,011 - pednstream.ltm.network - INFO - Controller node 2: Added 0 detour path(s) for OD (1, 6)
2026-02-25 16:09:06,013 - pednstream.ltm.network - INFO - Controller node 2: Added 0 detour path(s) for OD (0, 6)
2026-02-25 16:09:06,014 - pednstream.ltm.network - INFO - Network initialization started, assign flows type: classic
2026-02-25 16:09:06,015 - pednstream.ltm.network - INFO - Controller configuration: enabled: True, nodes: {2}, links: []
2026-02-25 16:09:06,015 - pednstream.ltm.network - INFO - Total demand of origin node 0: 9061
2026-02-25 16:09:06,015 - pednstream.ltm.network - INFO - Total demand of origin node 1: 34790
2026-02-25 16:09:06,016 - pednstream.ltm.network - INFO - Network initialized with 9 nodes and 20 links
2026-02-25 16:09:06,016 - pednstream.ltm.network - INFO - No OD flows provided, initializing with ones
2026-02-25 16:09:06,019 - pednstream.ltm.network - INFO - Controller node 2: Added 0 detour path(s) for OD (1, 6)
2026-02-25 16:09:06,022 - pednstream.ltm.network - INFO - Controller node 2: Added 0 detour path(s) for OD (0, 6)
2026-02-25 16:09:40,824 - pednstream.ltm.network - INFO - Network initialization started, assign flows type: classic
2026-02-25 16:09:40,825 - pednstream.ltm.network - INFO - Controller configuration: enabled: True, nodes: {2}, links: []
2026-02-25 16:09:40,825 - pednstream.ltm.network - INFO - Total demand of origin node 0: 8961
2026-02-25 16:09:40,826 - pednstream.ltm.network - INFO - Total demand of origin node 1: 35428
2026-02-25 16:09:40,827 - pednstream.ltm.network - INFO - Network initialized with 9 nodes and 20 links
2026-02-25 16:09:40,827 - pednstream.ltm.network - INFO - No OD flows provided, initializing with ones
2026-02-25 16:09:40,832 - pednstream.ltm.network - INFO - Controller node 2: Added 0 detour path(s) for OD (1, 6)
2026-02-25 16:09:40,834 - pednstream.ltm.network - INFO - Controller node 2: Added 0 detour path(s) for OD (0, 6)
2026-02-25 16:09:40,836 - pednstream.ltm.network - INFO - Network initialization started, assign flows type: classic
2026-02-25 16:09:40,836 - pednstream.ltm.network - INFO - Controller configuration: enabled: True, nodes: {2}, links: []
2026-02-25 16:09:40,837 - pednstream.ltm.network - INFO - Total demand of origin node 0: 9061
2026-02-25 16:09:40,837 - pednstream.ltm.network - INFO - Total demand of origin node 1: 34790
2026-02-25 16:09:40,838 - pednstream.ltm.network - INFO - Network initialized with 9 nodes and 20 links
2026-02-25 16:09:40,838 - pednstream.ltm.network - INFO - No OD flows provided, initializing with ones
2026-02-25 16:09:40,841 - pednstream.ltm.network - INFO - Controller node 2: Added 0 detour path(s) for OD (1, 6)
2026-02-25 16:09:40,843 - pednstream.ltm.network - INFO - Controller node 2: Added 0 detour path(s) for OD (0, 6)
2026-02-25 16:16:09,143 - pednstream.ltm.network - INFO - Network initialization started, assign flows type: classic
2026-02-25 16:16:09,143 - pednstream.ltm.network - INFO - Controller configuration: enabled: True, nodes: {2}, links: []
2026-02-25 16:16:09,143 - pednstream.ltm.network - INFO - Total demand of origin node 0: 28159
2026-02-25 16:16:09,143 - pednstream.ltm.network - INFO - Total demand of origin node 1: 30235
2026-02-25 16:16:09,144 - pednstream.ltm.network - INFO - Total demand of origin node 7: 27158
2026-02-25 16:16:09,144 - pednstream.ltm.network - INFO - Total demand of origin node 8: 28144
2026-02-25 16:16:09,144 - pednstream.ltm.network - INFO - Network initialized with 9 nodes and 20 links
2026-02-25 16:16:09,146 - pednstream.ltm.network - INFO - Controller node 2: Added 0 detour path(s) for OD (0, 7)
2026-02-25 16:16:09,146 - pednstream.ltm.network - INFO - Controller node 2: Added 0 detour path(s) for OD (7, 1)
2026-02-25 16:16:09,147 - pednstream.ltm.network - INFO - Controller node 2: Added 0 detour path(s) for OD (8, 1)
2026-02-25 16:16:09,147 - pednstream.ltm.network - INFO - Controller node 2: Added 0 detour path(s) for OD (1, 8)
2026-02-25 16:16:09,148 - pednstream.ltm.network - INFO - Controller node 2: Added 0 detour path(s) for OD (7, 0)
2026-02-25 16:16:09,148 - pednstream.ltm.network - INFO - Controller node 2: Added 0 detour path(s) for OD (8, 0)
2026-02-25 16:16:09,149 - pednstream.ltm.network - INFO - Controller node 2: Added 0 detour path(s) for OD (1, 7)
2026-02-25 16:16:09,149 - pednstream.ltm.network - INFO - Controller node 2: Added 0 detour path(s) for OD (0, 8)
2026-02-25 16:16:09,151 - pednstream.ltm.network - INFO - Network initialization started, assign flows type: classic
2026-02-25 16:16:09,151 - pednstream.ltm.network - INFO - Controller configuration: enabled: True, nodes: {2}, links: []
2026-02-25 16:16:09,151 - pednstream.ltm.network - INFO - Total demand of origin node 0: 28240
2026-02-25 16:16:09,151 - pednstream.ltm.network - INFO - Total demand of origin node 1: 29681
2026-02-25 16:16:09,152 - pednstream.ltm.network - INFO - Total demand of origin node 7: 27113
2026-02-25 16:16:09,152 - pednstream.ltm.network - INFO - Total demand of origin node 8: 27989
2026-02-25 16:16:09,152 - pednstream.ltm.network - INFO - Network initialized with 9 nodes and 20 links
2026-02-25 16:16:09,154 - pednstream.ltm.network - INFO - Controller node 2: Added 0 detour path(s) for OD (0, 7)
2026-02-25 16:16:09,157 - pednstream.ltm.network - INFO - Controller node 2: Added 0 detour path(s) for OD (7, 1)
2026-02-25 16:16:09,157 - pednstream.ltm.network - INFO - Controller node 2: Added 0 detour path(s) for OD (8, 1)
2026-02-25 16:16:09,158 - pednstream.ltm.network - INFO - Controller node 2: Added 0 detour path(s) for OD (1, 8)
2026-02-25 16:16:09,158 - pednstream.ltm.network - INFO - Controller node 2: Added 0 detour path(s) for OD (7, 0)
2026-02-25 16:16:09,159 - pednstream.ltm.network - INFO - Controller node 2: Added 0 detour path(s) for OD (8, 0)
2026-02-25 16:16:09,159 - pednstream.ltm.network - INFO - Controller node 2: Added 0 detour path(s) for OD (1, 7)
2026-02-25 16:16:09,160 - pednstream.ltm.network - INFO - Controller node 2: Added 0 detour path(s) for OD (0, 8)
2026-02-25 16:16:23,767 - pednstream.ltm.network - INFO - Network initialization started, assign flows type: classic
2026-02-25 16:16:23,767 - pednstream.ltm.network - INFO - Controller configuration: enabled: True, nodes: {2}, links: []
2026-02-25 16:16:23,767 - pednstream.ltm.network - INFO - Total demand of origin node 0: 28073
2026-02-25 16:16:23,768 - pednstream.ltm.network - INFO - Total demand of origin node 1: 30142
2026-02-25 16:16:23,768 - pednstream.ltm.network - INFO - Total demand of origin node 7: 27206
2026-02-25 16:16:23,769 - pednstream.ltm.network - INFO - Total demand of origin node 8: 28090
2026-02-25 16:16:23,769 - pednstream.ltm.network - INFO - Network initialized with 9 nodes and 20 links
2026-02-25 16:16:23,777 - pednstream.ltm.network - INFO - Controller node 2: Added 0 detour path(s) for OD (0, 7)
2026-02-25 16:16:23,779 - pednstream.ltm.network - INFO - Controller node 2: Added 0 detour path(s) for OD (7, 1)
2026-02-25 16:16:23,780 - pednstream.ltm.network - INFO - Controller node 2: Added 0 detour path(s) for OD (8, 1)
2026-02-25 16:16:23,783 - pednstream.ltm.network - INFO - Controller node 2: Added 0 detour path(s) for OD (1, 8)
2026-02-25 16:16:23,785 - pednstream.ltm.network - INFO - Controller node 2: Added 0 detour path(s) for OD (7, 0)
2026-02-25 16:16:23,787 - pednstream.ltm.network - INFO - Controller node 2: Added 0 detour path(s) for OD (8, 0)
2026-02-25 16:16:23,789 - pednstream.ltm.network - INFO - Controller node 2: Added 0 detour path(s) for OD (1, 7)
2026-02-25 16:16:23,792 - pednstream.ltm.network - INFO - Controller node 2: Added 0 detour path(s) for OD (0, 8)
2026-02-25 16:16:23,795 - pednstream.ltm.network - INFO - Network initialization started, assign flows type: classic
2026-02-25 16:16:23,795 - pednstream.ltm.network - INFO - Controller configuration: enabled: True, nodes: {2}, links: []
2026-02-25 16:16:23,795 - pednstream.ltm.network - INFO - Total demand of origin node 0: 28240
2026-02-25 16:16:23,795 - pednstream.ltm.network - INFO - Total demand of origin node 1: 29681
2026-02-25 16:16:23,796 - pednstream.ltm.network - INFO - Total demand of origin node 7: 27113
2026-02-25 16:16:23,796 - pednstream.ltm.network - INFO - Total demand of origin node 8: 27989
2026-02-25 16:16:23,797 - pednstream.ltm.network - INFO - Network initialized with 9 nodes and 20 links
2026-02-25 16:16:23,803 - pednstream.ltm.network - INFO - Controller node 2: Added 0 detour path(s) for OD (0, 7)
2026-02-25 16:16:23,805 - pednstream.ltm.network - INFO - Controller node 2: Added 0 detour path(s) for OD (7, 1)
2026-02-25 16:16:23,807 - pednstream.ltm.network - INFO - Controller node 2: Added 0 detour path(s) for OD (8, 1)
2026-02-25 16:16:23,810 - pednstream.ltm.network - INFO - Controller node 2: Added 0 detour path(s) for OD (1, 8)
2026-02-25 16:16:23,812 - pednstream.ltm.network - INFO - Controller node 2: Added 0 detour path(s) for OD (7, 0)
2026-02-25 16:16:23,814 - pednstream.ltm.network - INFO - Controller node 2: Added 0 detour path(s) for OD (8, 0)
2026-02-25 16:16:23,816 - pednstream.ltm.network - INFO - Controller node 2: Added 0 detour path(s) for OD (1, 7)
2026-02-25 16:16:23,819 - pednstream.ltm.network - INFO - Controller node 2: Added 0 detour path(s) for OD (0, 8)
2026-02-25 16:17:08,319 - pednstream.ltm.network - INFO - Network initialization started, assign flows type: classic
2026-02-25 16:17:08,319 - pednstream.ltm.network - INFO - Controller configuration: enabled: True, nodes: {2}, links: []
2026-02-25 16:17:08,320 - pednstream.ltm.network - INFO - Total demand of origin node 0: 28106
2026-02-25 16:17:08,320 - pednstream.ltm.network - INFO - Total demand of origin node 1: 29882
2026-02-25 16:17:08,321 - pednstream.ltm.network - INFO - Total demand of origin node 7: 27362
2026-02-25 16:17:08,321 - pednstream.ltm.network - INFO - Total demand of origin node 8: 28232
2026-02-25 16:17:08,321 - pednstream.ltm.network - INFO - Network initialized with 9 nodes and 20 links
2026-02-25 16:17:08,329 - pednstream.ltm.network - INFO - Controller node 2: Added 0 detour path(s) for OD (0, 7)
2026-02-25 16:17:08,331 - pednstream.ltm.network - INFO - Controller node 2: Added 0 detour path(s) for OD (7, 1)
2026-02-25 16:17:08,333 - pednstream.ltm.network - INFO - Controller node 2: Added 0 detour path(s) for OD (8, 1)
2026-02-25 16:17:08,336 - pednstream.ltm.network - INFO - Controller node 2: Added 0 detour path(s) for OD (1, 8)
2026-02-25 16:17:08,338 - pednstream.ltm.network - INFO - Controller node 2: Added 0 detour path(s) for OD (7, 0)
2026-02-25 16:17:08,340 - pednstream.ltm.network - INFO - Controller node 2: Added 0 detour path(s) for OD (8, 0)
2026-02-25 16:17:08,343 - pednstream.ltm.network - INFO - Controller node 2: Added 0 detour path(s) for OD (1, 7)
2026-02-25 16:17:08,346 - pednstream.ltm.network - INFO - Controller node 2: Added 0 detour path(s) for OD (0, 8)
2026-02-25 16:17:08,348 - pednstream.ltm.network - INFO - Network initialization started, assign flows type: classic
2026-02-25 16:17:08,348 - pednstream.ltm.network - INFO - Controller configuration: enabled: True, nodes: {2}, links: []
2026-02-25 16:17:08,348 - pednstream.ltm.network - INFO - Total demand of origin node 0: 28240
2026-02-25 16:17:08,349 - pednstream.ltm.network - INFO - Total demand of origin node 1: 29681
2026-02-25 16:17:08,349 - pednstream.ltm.network - INFO - Total demand of origin node 7: 27113
2026-02-25 16:17:08,350 - pednstream.ltm.network - INFO - Total demand of origin node 8: 27989
2026-02-25 16:17:08,350 - pednstream.ltm.network - INFO - Network initialized with 9 nodes and 20 links
2026-02-25 16:17:08,356 - pednstream.ltm.network - INFO - Controller node 2: Added 0 detour path(s) for OD (0, 7)
2026-02-25 16:17:08,358 - pednstream.ltm.network - INFO - Controller node 2: Added 0 detour path(s) for OD (7, 1)
2026-02-25 16:17:08,360 - pednstream.ltm.network - INFO - Controller node 2: Added 0 detour path(s) for OD (8, 1)
2026-02-25 16:17:08,363 - pednstream.ltm.network - INFO - Controller node 2: Added 0 detour path(s) for OD (1, 8)
2026-02-25 16:17:08,365 - pednstream.ltm.network - INFO - Controller node 2: Added 0 detour path(s) for OD (7, 0)
2026-02-25 16:17:08,367 - pednstream.ltm.network - INFO - Controller node 2: Added 0 detour path(s) for OD (8, 0)
2026-02-25 16:17:08,369 - pednstream.ltm.network - INFO - Controller node 2: Added 0 detour path(s) for OD (1, 7)
2026-02-25 16:17:08,372 - pednstream.ltm.network - INFO - Controller node 2: Added 0 detour path(s) for OD (0, 8)
2026-02-25 16:19:24,047 - pednstream.ltm.network - INFO - Network initialization started, assign flows type: classic
2026-02-25 16:19:24,047 - pednstream.ltm.network - INFO - Controller configuration: enabled: True, nodes: {2}, links: []
2026-02-25 16:19:24,048 - pednstream.ltm.network - INFO - Total demand of origin node 0: 28291
2026-02-25 16:19:24,049 - pednstream.ltm.network - INFO - Total demand of origin node 1: 29771
2026-02-25 16:19:24,049 - pednstream.ltm.network - INFO - Total demand of origin node 7: 27107
2026-02-25 16:19:24,049 - pednstream.ltm.network - INFO - Total demand of origin node 8: 28127
2026-02-25 16:19:24,050 - pednstream.ltm.network - INFO - Network initialized with 9 nodes and 20 links
2026-02-25 16:19:24,057 - pednstream.ltm.network - INFO - Controller node 2: Added 0 detour path(s) for OD (0, 7)
2026-02-25 16:19:24,059 - pednstream.ltm.network - INFO - Controller node 2: Added 0 detour path(s) for OD (7, 1)
2026-02-25 16:19:24,061 - pednstream.ltm.network - INFO - Controller node 2: Added 0 detour path(s) for OD (8, 1)
2026-02-25 16:19:24,063 - pednstream.ltm.network - INFO - Controller node 2: Added 0 detour path(s) for OD (1, 8)
2026-02-25 16:19:24,065 - pednstream.ltm.network - INFO - Controller node 2: Added 0 detour path(s) for OD (7, 0)
2026-02-25 16:19:24,067 - pednstream.ltm.network - INFO - Controller node 2: Added 0 detour path(s) for OD (8, 0)
2026-02-25 16:19:24,070 - pednstream.ltm.network - INFO - Controller node 2: Added 0 detour path(s) for OD (1, 7)
2026-02-25 16:19:24,073 - pednstream.ltm.network - INFO - Controller node 2: Added 0 detour path(s) for OD (0, 8)
2026-02-25 16:19:24,075 - pednstream.ltm.network - INFO - Network initialization started, assign flows type: classic
2026-02-25 16:19:24,075 - pednstream.ltm.network - INFO - Controller configuration: enabled: True, nodes: {2}, links: []
2026-02-25 16:19:24,075 - pednstream.ltm.network - INFO - Total demand of origin node 0: 28240
2026-02-25 16:19:24,075 - pednstream.ltm.network - INFO - Total demand of origin node 1: 29681
2026-02-25 16:19:24,076 - pednstream.ltm.network - INFO - Total demand of origin node 7: 27113
2026-02-25 16:19:24,076 - pednstream.ltm.network - INFO - Total demand of origin node 8: 27989
2026-02-25 16:19:24,077 - pednstream.ltm.network - INFO - Network initialized with 9 nodes and 20 links
2026-02-25 16:19:24,083 - pednstream.ltm.network - INFO - Controller node 2: Added 0 detour path(s) for OD (0, 7)
2026-02-25 16:19:24,085 - pednstream.ltm.network - INFO - Controller node 2: Added 0 detour path(s) for OD (7, 1)
2026-02-25 16:19:24,087 - pednstream.ltm.network - INFO - Controller node 2: Added 0 detour path(s) for OD (8, 1)
2026-02-25 16:19:24,089 - pednstream.ltm.network - INFO - Controller node 2: Added 0 detour path(s) for OD (1, 8)
2026-02-25 16:19:24,091 - pednstream.ltm.network - INFO - Controller node 2: Added 0 detour path(s) for OD (7, 0)
2026-02-25 16:19:24,093 - pednstream.ltm.network - INFO - Controller node 2: Added 0 detour path(s) for OD (8, 0)
2026-02-25 16:19:24,096 - pednstream.ltm.network - INFO - Controller node 2: Added 0 detour path(s) for OD (1, 7)
2026-02-25 16:19:24,098 - pednstream.ltm.network - INFO - Controller node 2: Added 0 detour path(s) for OD (0, 8)
2026-02-25 16:19:56,180 - pednstream.ltm.network - INFO - Network initialization started, assign flows type: classic
2026-02-25 16:19:56,181 - pednstream.ltm.network - INFO - Controller configuration: enabled: True, nodes: {2}, links: []
2026-02-25 16:19:56,181 - pednstream.ltm.network - INFO - Total demand of origin node 0: 27996
2026-02-25 16:19:56,181 - pednstream.ltm.network - INFO - Total demand of origin node 1: 30008
2026-02-25 16:19:56,182 - pednstream.ltm.network - INFO - Total demand of origin node 7: 27117
2026-02-25 16:19:56,182 - pednstream.ltm.network - INFO - Total demand of origin node 8: 27721
2026-02-25 16:19:56,183 - pednstream.ltm.network - INFO - Network initialized with 9 nodes and 20 links
2026-02-25 16:19:56,190 - pednstream.ltm.network - INFO - Controller node 2: Added 0 detour path(s) for OD (0, 7)
2026-02-25 16:19:56,192 - pednstream.ltm.network - INFO - Controller node 2: Added 0 detour path(s) for OD (7, 1)
2026-02-25 16:19:56,194 - pednstream.ltm.network - INFO - Controller node 2: Added 0 detour path(s) for OD (8, 1)
2026-02-25 16:19:56,197 - pednstream.ltm.network - INFO - Controller node 2: Added 0 detour path(s) for OD (1, 8)
2026-02-25 16:19:56,199 - pednstream.ltm.network - INFO - Controller node 2: Added 0 detour path(s) for OD (7, 0)
2026-02-25 16:19:56,201 - pednstream.ltm.network - INFO - Controller node 2: Added 0 detour path(s) for OD (8, 0)
2026-02-25 16:19:56,203 - pednstream.ltm.network - INFO - Controller node 2: Added 0 detour path(s) for OD (1, 7)
2026-02-25 16:19:56,206 - pednstream.ltm.network - INFO - Controller node 2: Added 0 detour path(s) for OD (0, 8)
2026-02-25 16:19:56,209 - pednstream.ltm.network - INFO - Network initialization started, assign flows type: classic
2026-02-25 16:19:56,209 - pednstream.ltm.network - INFO - Controller configuration: enabled: True, nodes: {2}, links: []
2026-02-25 16:19:56,209 - pednstream.ltm.network - INFO - Total demand of origin node 0: 28240
2026-02-25 16:19:56,209 - pednstream.ltm.network - INFO - Total demand of origin node 1: 29681
2026-02-25 16:19:56,210 - pednstream.ltm.network - INFO - Total demand of origin node 7: 27113
2026-02-25 16:19:56,210 - pednstream.ltm.network - INFO - Total demand of origin node 8: 27989
2026-02-25 16:19:56,210 - pednstream.ltm.network - INFO - Network initialized with 9 nodes and 20 links
2026-02-25 16:19:56,216 - pednstream.ltm.network - INFO - Controller node 2: Added 0 detour path(s) for OD (0, 7)
2026-02-25 16:19:56,218 - pednstream.ltm.network - INFO - Controller node 2: Added 0 detour path(s) for OD (7, 1)
2026-02-25 16:19:56,220 - pednstream.ltm.network - INFO - Controller node 2: Added 0 detour path(s) for OD (8, 1)
2026-02-25 16:19:56,223 - pednstream.ltm.network - INFO - Controller node 2: Added 0 detour path(s) for OD (1, 8)
2026-02-25 16:19:56,225 - pednstream.ltm.network - INFO - Controller node 2: Added 0 detour path(s) for OD (7, 0)
2026-02-25 16:19:56,227 - pednstream.ltm.network - INFO - Controller node 2: Added 0 detour path(s) for OD (8, 0)
2026-02-25 16:19:56,230 - pednstream.ltm.network - INFO - Controller node 2: Added 0 detour path(s) for OD (1, 7)
2026-02-25 16:19:56,233 - pednstream.ltm.network - INFO - Controller node 2: Added 0 detour path(s) for OD (0, 8)
2026-02-25 16:25:32,277 - pednstream.ltm.network - INFO - Network initialization started, assign flows type: classic
2026-02-25 16:25:32,277 - pednstream.ltm.network - INFO - Controller configuration: enabled: True, nodes: {2}, links: []
2026-02-25 16:25:32,277 - pednstream.ltm.network - INFO - Total demand of origin node 0: 27864
2026-02-25 16:25:32,277 - pednstream.ltm.network - INFO - Total demand of origin node 1: 30311
2026-02-25 16:25:32,278 - pednstream.ltm.network - INFO - Total demand of origin node 7: 27201
2026-02-25 16:25:32,278 - pednstream.ltm.network - INFO - Total demand of origin node 8: 27731
2026-02-25 16:25:32,278 - pednstream.ltm.network - INFO - Network initialized with 9 nodes and 20 links
2026-02-25 16:25:32,280 - pednstream.ltm.network - INFO - Controller node 2: Added 0 detour path(s) for OD (0, 7)
2026-02-25 16:25:32,281 - pednstream.ltm.network - INFO - Controller node 2: Added 0 detour path(s) for OD (7, 1)
2026-02-25 16:25:32,281 - pednstream.ltm.network - INFO - Controller node 2: Added 0 detour path(s) for OD (8, 1)
2026-02-25 16:25:32,282 - pednstream.ltm.network - INFO - Controller node 2: Added 0 detour path(s) for OD (1, 8)
2026-02-25 16:25:32,282 - pednstream.ltm.network - INFO - Controller node 2: Added 0 detour path(s) for OD (7, 0)
2026-02-25 16:25:32,282 - pednstream.ltm.network - INFO - Controller node 2: Added 0 detour path(s) for OD (8, 0)
2026-02-25 16:25:32,283 - pednstream.ltm.network - INFO - Controller node 2: Added 0 detour path(s) for OD (1, 7)
2026-02-25 16:25:32,284 - pednstream.ltm.network - INFO - Controller node 2: Added 0 detour path(s) for OD (0, 8)
2026-02-25 16:25:32,285 - pednstream.ltm.network - INFO - Network initialization started, assign flows type: classic
2026-02-25 16:25:32,285 - pednstream.ltm.network - INFO - Controller configuration: enabled: True, nodes: {2}, links: []
2026-02-25 16:25:32,285 - pednstream.ltm.network - INFO - Total demand of origin node 0: 28240
2026-02-25 16:25:32,285 - pednstream.ltm.network - INFO - Total demand of origin node 1: 29681
2026-02-25 16:25:32,286 - pednstream.ltm.network - INFO - Total demand of origin node 7: 27113
2026-02-25 16:25:32,286 - pednstream.ltm.network - INFO - Total demand of origin node 8: 27989
2026-02-25 16:25:32,286 - pednstream.ltm.network - INFO - Network initialized with 9 nodes and 20 links
2026-02-25 16:25:32,288 - pednstream.ltm.network - INFO - Controller node 2: Added 0 detour path(s) for OD (0, 7)
2026-02-25 16:25:32,288 - pednstream.ltm.network - INFO - Controller node 2: Added 0 detour path(s) for OD (7, 1)
2026-02-25 16:25:32,289 - pednstream.ltm.network - INFO - Controller node 2: Added 0 detour path(s) for OD (8, 1)
2026-02-25 16:25:32,289 - pednstream.ltm.network - INFO - Controller node 2: Added 0 detour path(s) for OD (1, 8)
2026-02-25 16:25:32,290 - pednstream.ltm.network - INFO - Controller node 2: Added 0 detour path(s) for OD (7, 0)
2026-02-25 16:25:32,290 - pednstream.ltm.network - INFO - Controller node 2: Added 0 detour path(s) for OD (8, 0)
2026-02-25 16:25:32,291 - pednstream.ltm.network - INFO - Controller node 2: Added 0 detour path(s) for OD (1, 7)
2026-02-25 16:25:32,291 - pednstream.ltm.network - INFO - Controller node 2: Added 0 detour path(s) for OD (0, 8)
2026-02-25 16:25:59,510 - pednstream.ltm.network - INFO - Network initialization started, assign flows type: classic
2026-02-25 16:25:59,510 - pednstream.ltm.network - INFO - Controller configuration: enabled: True, nodes: {2}, links: []
2026-02-25 16:25:59,511 - pednstream.ltm.network - INFO - Total demand of origin node 0: 9014
2026-02-25 16:25:59,512 - pednstream.ltm.network - INFO - Total demand of origin node 1: 34903
2026-02-25 16:25:59,513 - pednstream.ltm.network - INFO - Network initialized with 9 nodes and 20 links
2026-02-25 16:25:59,513 - pednstream.ltm.network - INFO - No OD flows provided, initializing with ones
2026-02-25 16:25:59,514 - pednstream.ltm.network - INFO - Controller node 2: Added 0 detour path(s) for OD (1, 6)
2026-02-25 16:25:59,514 - pednstream.ltm.network - INFO - Controller node 2: Added 0 detour path(s) for OD (0, 6)
2026-02-25 16:25:59,516 - pednstream.ltm.network - INFO - Network initialization started, assign flows type: classic
2026-02-25 16:25:59,516 - pednstream.ltm.network - INFO - Controller configuration: enabled: True, nodes: {2}, links: []
2026-02-25 16:25:59,516 - pednstream.ltm.network - INFO - Total demand of origin node 0: 9061
2026-02-25 16:25:59,516 - pednstream.ltm.network - INFO - Total demand of origin node 1: 34790
2026-02-25 16:25:59,517 - pednstream.ltm.network - INFO - Network initialized with 9 nodes and 20 links
2026-02-25 16:25:59,517 - pednstream.ltm.network - INFO - No OD flows provided, initializing with ones
2026-02-25 16:25:59,517 - pednstream.ltm.network - INFO - Controller node 2: Added 0 detour path(s) for OD (1, 6)
2026-02-25 16:25:59,518 - pednstream.ltm.network - INFO - Controller node 2: Added 0 detour path(s) for OD (0, 6)
2026-02-25 16:26:15,425 - pednstream.ltm.network - INFO - Network initialization started, assign flows type: classic
2026-02-25 16:26:15,426 - pednstream.ltm.network - INFO - Controller configuration: enabled: True, nodes: {2}, links: []
2026-02-25 16:26:15,426 - pednstream.ltm.network - INFO - Total demand of origin node 0: 27889
2026-02-25 16:26:15,426 - pednstream.ltm.network - INFO - Total demand of origin node 1: 29919
2026-02-25 16:26:15,427 - pednstream.ltm.network - INFO - Total demand of origin node 7: 27188
2026-02-25 16:26:15,428 - pednstream.ltm.network - INFO - Total demand of origin node 8: 27876
2026-02-25 16:26:15,428 - pednstream.ltm.network - INFO - Network initialized with 9 nodes and 20 links
2026-02-25 16:26:15,435 - pednstream.ltm.network - INFO - Controller node 2: Added 0 detour path(s) for OD (0, 7)
2026-02-25 16:26:15,438 - pednstream.ltm.network - INFO - Controller node 2: Added 0 detour path(s) for OD (7, 1)
2026-02-25 16:26:15,440 - pednstream.ltm.network - INFO - Controller node 2: Added 0 detour path(s) for OD (8, 1)
2026-02-25 16:26:15,443 - pednstream.ltm.network - INFO - Controller node 2: Added 0 detour path(s) for OD (1, 8)
2026-02-25 16:26:15,444 - pednstream.ltm.network - INFO - Controller node 2: Added 0 detour path(s) for OD (7, 0)
2026-02-25 16:26:15,446 - pednstream.ltm.network - INFO - Controller node 2: Added 0 detour path(s) for OD (8, 0)
2026-02-25 16:26:15,449 - pednstream.ltm.network - INFO - Controller node 2: Added 0 detour path(s) for OD (1, 7)
2026-02-25 16:26:15,452 - pednstream.ltm.network - INFO - Controller node 2: Added 0 detour path(s) for OD (0, 8)
2026-02-25 16:26:15,454 - pednstream.ltm.network - INFO - Network initialization started, assign flows type: classic
2026-02-25 16:26:15,455 - pednstream.ltm.network - INFO - Controller configuration: enabled: True, nodes: {2}, links: []
2026-02-25 16:26:15,455 - pednstream.ltm.network - INFO - Total demand of origin node 0: 28240
2026-02-25 16:26:15,455 - pednstream.ltm.network - INFO - Total demand of origin node 1: 29681
2026-02-25 16:26:15,456 - pednstream.ltm.network - INFO - Total demand of origin node 7: 27113
2026-02-25 16:26:15,456 - pednstream.ltm.network - INFO - Total demand of origin node 8: 27989
2026-02-25 16:26:15,456 - pednstream.ltm.network - INFO - Network initialized with 9 nodes and 20 links
2026-02-25 16:26:15,462 - pednstream.ltm.network - INFO - Controller node 2: Added 0 detour path(s) for OD (0, 7)
2026-02-25 16:26:15,464 - pednstream.ltm.network - INFO - Controller node 2: Added 0 detour path(s) for OD (7, 1)
2026-02-25 16:26:15,466 - pednstream.ltm.network - INFO - Controller node 2: Added 0 detour path(s) for OD (8, 1)
2026-02-25 16:26:15,469 - pednstream.ltm.network - INFO - Controller node 2: Added 0 detour path(s) for OD (1, 8)
2026-02-25 16:26:15,470 - pednstream.ltm.network - INFO - Controller node 2: Added 0 detour path(s) for OD (7, 0)
2026-02-25 16:26:15,472 - pednstream.ltm.network - INFO - Controller node 2: Added 0 detour path(s) for OD (8, 0)
2026-02-25 16:26:15,475 - pednstream.ltm.network - INFO - Controller node 2: Added 0 detour path(s) for OD (1, 7)
2026-02-25 16:26:15,478 - pednstream.ltm.network - INFO - Controller node 2: Added 0 detour path(s) for OD (0, 8)
2026-02-25 16:34:09,337 - pednstream.ltm.network - INFO - Network initialization started, assign flows type: classic
2026-02-25 16:34:09,338 - pednstream.ltm.network - INFO - Controller configuration: enabled: True, nodes: {2}, links: []
2026-02-25 16:34:09,339 - pednstream.ltm.network - INFO - Total demand of origin node 0: 27922
2026-02-25 16:34:09,339 - pednstream.ltm.network - INFO - Total demand of origin node 1: 30048
2026-02-25 16:34:09,339 - pednstream.ltm.network - INFO - Total demand of origin node 7: 27378
2026-02-25 16:34:09,340 - pednstream.ltm.network - INFO - Total demand of origin node 8: 28147
2026-02-25 16:34:09,340 - pednstream.ltm.network - INFO - Network initialized with 9 nodes and 20 links
2026-02-25 16:34:09,342 - pednstream.ltm.network - INFO - Controller node 2: Added 0 detour path(s) for OD (0, 7)
2026-02-25 16:34:09,342 - pednstream.ltm.network - INFO - Controller node 2: Added 0 detour path(s) for OD (7, 1)
2026-02-25 16:34:09,342 - pednstream.ltm.network - INFO - Controller node 2: Added 0 detour path(s) for OD (8, 1)
2026-02-25 16:34:09,343 - pednstream.ltm.network - INFO - Controller node 2: Added 0 detour path(s) for OD (1, 8)
2026-02-25 16:34:09,343 - pednstream.ltm.network - INFO - Controller node 2: Added 0 detour path(s) for OD (7, 0)
2026-02-25 16:34:09,344 - pednstream.ltm.network - INFO - Controller node 2: Added 0 detour path(s) for OD (8, 0)
2026-02-25 16:34:09,344 - pednstream.ltm.network - INFO - Controller node 2: Added 0 detour path(s) for OD (1, 7)
2026-02-25 16:34:09,345 - pednstream.ltm.network - INFO - Controller node 2: Added 0 detour path(s) for OD (0, 8)
2026-02-25 16:34:09,347 - pednstream.ltm.network - INFO - Network initialization started, assign flows type: classic
2026-02-25 16:34:09,347 - pednstream.ltm.network - INFO - Controller configuration: enabled: True, nodes: {2}, links: []
2026-02-25 16:34:09,347 - pednstream.ltm.network - INFO - Total demand of origin node 0: 28240
2026-02-25 16:34:09,347 - pednstream.ltm.network - INFO - Total demand of origin node 1: 29681
2026-02-25 16:34:09,348 - pednstream.ltm.network - INFO - Total demand of origin node 7: 27113
2026-02-25 16:34:09,348 - pednstream.ltm.network - INFO - Total demand of origin node 8: 27989
2026-02-25 16:34:09,348 - pednstream.ltm.network - INFO - Network initialized with 9 nodes and 20 links
2026-02-25 16:34:09,350 - pednstream.ltm.network - INFO - Controller node 2: Added 0 detour path(s) for OD (0, 7)
2026-02-25 16:34:09,350 - pednstream.ltm.network - INFO - Controller node 2: Added 0 detour path(s) for OD (7, 1)
2026-02-25 16:34:09,351 - pednstream.ltm.network - INFO - Controller node 2: Added 0 detour path(s) for OD (8, 1)
2026-02-25 16:34:09,351 - pednstream.ltm.network - INFO - Controller node 2: Added 0 detour path(s) for OD (1, 8)
2026-02-25 16:34:09,352 - pednstream.ltm.network - INFO - Controller node 2: Added 0 detour path(s) for OD (7, 0)
2026-02-25 16:34:09,352 - pednstream.ltm.network - INFO - Controller node 2: Added 0 detour path(s) for OD (8, 0)
2026-02-25 16:34:09,353 - pednstream.ltm.network - INFO - Controller node 2: Added 0 detour path(s) for OD (1, 7)
2026-02-25 16:34:09,353 - pednstream.ltm.network - INFO - Controller node 2: Added 0 detour path(s) for OD (0, 8)
2026-02-25 16:35:11,539 - pednstream.ltm.network - INFO - Network initialization started, assign flows type: classic
2026-02-25 16:35:11,539 - pednstream.ltm.network - INFO - Controller configuration: enabled: True, nodes: {2}, links: []
2026-02-25 16:35:11,540 - pednstream.ltm.network - INFO - Total demand of origin node 0: 27875
2026-02-25 16:35:11,541 - pednstream.ltm.network - INFO - Total demand of origin node 1: 29885
2026-02-25 16:35:11,541 - pednstream.ltm.network - INFO - Total demand of origin node 7: 26951
2026-02-25 16:35:11,541 - pednstream.ltm.network - INFO - Total demand of origin node 8: 28108
2026-02-25 16:35:11,541 - pednstream.ltm.network - INFO - Network initialized with 9 nodes and 20 links
2026-02-25 16:35:11,543 - pednstream.ltm.network - INFO - Controller node 2: Added 0 detour path(s) for OD (0, 7)
2026-02-25 16:35:11,544 - pednstream.ltm.network - INFO - Controller node 2: Added 0 detour path(s) for OD (7, 1)
2026-02-25 16:35:11,544 - pednstream.ltm.network - INFO - Controller node 2: Added 0 detour path(s) for OD (8, 1)
2026-02-25 16:35:11,545 - pednstream.ltm.network - INFO - Controller node 2: Added 0 detour path(s) for OD (1, 8)
2026-02-25 16:35:11,545 - pednstream.ltm.network - INFO - Controller node 2: Added 0 detour path(s) for OD (7, 0)
2026-02-25 16:35:11,546 - pednstream.ltm.network - INFO - Controller node 2: Added 0 detour path(s) for OD (8, 0)
2026-02-25 16:35:11,546 - pednstream.ltm.network - INFO - Controller node 2: Added 0 detour path(s) for OD (1, 7)
2026-02-25 16:35:11,547 - pednstream.ltm.network - INFO - Controller node 2: Added 0 detour path(s) for OD (0, 8)
2026-02-25 16:35:11,548 - pednstream.ltm.network - INFO - Network initialization started, assign flows type: classic
2026-02-25 16:35:11,548 - pednstream.ltm.network - INFO - Controller configuration: enabled: True, nodes: {2}, links: []
2026-02-25 16:35:11,548 - pednstream.ltm.network - INFO - Total demand of origin node 0: 28240
2026-02-25 16:35:11,549 - pednstream.ltm.network - INFO - Total demand of origin node 1: 29681
2026-02-25 16:35:11,549 - pednstream.ltm.network - INFO - Total demand of origin node 7: 27113
2026-02-25 16:35:11,549 - pednstream.ltm.network - INFO - Total demand of origin node 8: 27989
2026-02-25 16:35:11,549 - pednstream.ltm.network - INFO - Network initialized with 9 nodes and 20 links
2026-02-25 16:35:11,551 - pednstream.ltm.network - INFO - Controller node 2: Added 0 detour path(s) for OD (0, 7)
2026-02-25 16:35:11,551 - pednstream.ltm.network - INFO - Controller node 2: Added 0 detour path(s) for OD (7, 1)
2026-02-25 16:35:11,552 - pednstream.ltm.network - INFO - Controller node 2: Added 0 detour path(s) for OD (8, 1)
2026-02-25 16:35:11,552 - pednstream.ltm.network - INFO - Controller node 2: Added 0 detour path(s) for OD (1, 8)
2026-02-25 16:35:11,552 - pednstream.ltm.network - INFO - Controller node 2: Added 0 detour path(s) for OD (7, 0)
2026-02-25 16:35:11,553 - pednstream.ltm.network - INFO - Controller node 2: Added 0 detour path(s) for OD (8, 0)
2026-02-25 16:35:11,554 - pednstream.ltm.network - INFO - Controller node 2: Added 0 detour path(s) for OD (1, 7)
2026-02-25 16:35:11,554 - pednstream.ltm.network - INFO - Controller node 2: Added 0 detour path(s) for OD (0, 8)
2026-02-25 16:41:39,680 - pednstream.ltm.network - INFO - Network initialization started, assign flows type: classic
2026-02-25 16:41:39,681 - pednstream.ltm.network - INFO - Controller configuration: enabled: True, nodes: {2}, links: []
2026-02-25 16:41:39,684 - pednstream.ltm.network - INFO - Total demand of origin node 0: 28090
2026-02-25 16:41:39,685 - pednstream.ltm.network - INFO - Total demand of origin node 1: 30099
2026-02-25 16:41:39,685 - pednstream.ltm.network - INFO - Total demand of origin node 7: 27281
2026-02-25 16:41:39,686 - pednstream.ltm.network - INFO - Total demand of origin node 8: 28161
2026-02-25 16:41:39,686 - pednstream.ltm.network - INFO - Network initialized with 9 nodes and 20 links
2026-02-25 16:41:39,688 - pednstream.ltm.network - INFO - Controller node 2: Added 0 detour path(s) for OD (0, 7)
2026-02-25 16:41:39,688 - pednstream.ltm.network - INFO - Controller node 2: Added 0 detour path(s) for OD (7, 1)
2026-02-25 16:41:39,689 - pednstream.ltm.network - INFO - Controller node 2: Added 0 detour path(s) for OD (8, 1)
2026-02-25 16:41:39,689 - pednstream.ltm.network - INFO - Controller node 2: Added 0 detour path(s) for OD (1, 8)
2026-02-25 16:41:39,690 - pednstream.ltm.network - INFO - Controller node 2: Added 0 detour path(s) for OD (7, 0)
2026-02-25 16:41:39,690 - pednstream.ltm.network - INFO - Controller node 2: Added 0 detour path(s) for OD (8, 0)
2026-02-25 16:41:39,691 - pednstream.ltm.network - INFO - Controller node 2: Added 0 detour path(s) for OD (1, 7)
2026-02-25 16:41:39,691 - pednstream.ltm.network - INFO - Controller node 2: Added 0 detour path(s) for OD (0, 8)
2026-02-25 16:41:39,694 - pednstream.ltm.network - INFO - Network initialization started, assign flows type: classic
2026-02-25 16:41:39,694 - pednstream.ltm.network - INFO - Controller configuration: enabled: True, nodes: {2}, links: []
2026-02-25 16:41:39,695 - pednstream.ltm.network - INFO - Total demand of origin node 0: 28240
2026-02-25 16:41:39,695 - pednstream.ltm.network - INFO - Total demand of origin node 1: 29681
2026-02-25 16:41:39,695 - pednstream.ltm.network - INFO - Total demand of origin node 7: 27113
2026-02-25 16:41:39,696 - pednstream.ltm.network - INFO - Total demand of origin node 8: 27989
2026-02-25 16:41:39,696 - pednstream.ltm.network - INFO - Network initialized with 9 nodes and 20 links
2026-02-25 16:41:39,698 - pednstream.ltm.network - INFO - Controller node 2: Added 0 detour path(s) for OD (0, 7)
2026-02-25 16:41:39,698 - pednstream.ltm.network - INFO - Controller node 2: Added 0 detour path(s) for OD (7, 1)
2026-02-25 16:41:39,699 - pednstream.ltm.network - INFO - Controller node 2: Added 0 detour path(s) for OD (8, 1)
2026-02-25 16:41:39,699 - pednstream.ltm.network - INFO - Controller node 2: Added 0 detour path(s) for OD (1, 8)
2026-02-25 16:41:39,700 - pednstream.ltm.network - INFO - Controller node 2: Added 0 detour path(s) for OD (7, 0)
2026-02-25 16:41:39,700 - pednstream.ltm.network - INFO - Controller node 2: Added 0 detour path(s) for OD (8, 0)
2026-02-25 16:41:39,701 - pednstream.ltm.network - INFO - Controller node 2: Added 0 detour path(s) for OD (1, 7)
2026-02-25 16:41:39,701 - pednstream.ltm.network - INFO - Controller node 2: Added 0 detour path(s) for OD (0, 8)
2026-02-25 16:43:38,161 - pednstream.ltm.network - INFO - Network initialization started, assign flows type: classic
2026-02-25 16:43:38,161 - pednstream.ltm.network - INFO - Controller configuration: enabled: True, nodes: {2}, links: []
2026-02-25 16:43:38,163 - pednstream.ltm.network - INFO - Total demand of origin node 0: 50358
2026-02-25 16:43:38,164 - pednstream.ltm.network - INFO - Network initialized with 9 nodes and 20 links
2026-02-25 16:43:38,164 - pednstream.ltm.network - INFO - No OD flows provided, initializing with ones
2026-02-25 16:43:38,165 - pednstream.ltm.network - INFO - Controller node 2: Added 0 detour path(s) for OD (0, 6)
2026-02-25 16:43:38,166 - pednstream.ltm.network - INFO - Network initialization started, assign flows type: classic
2026-02-25 16:43:38,166 - pednstream.ltm.network - INFO - Controller configuration: enabled: True, nodes: {2}, links: []
2026-02-25 16:43:38,166 - pednstream.ltm.network - INFO - Total demand of origin node 0: 50218
2026-02-25 16:43:38,167 - pednstream.ltm.network - INFO - Network initialized with 9 nodes and 20 links
2026-02-25 16:43:38,167 - pednstream.ltm.network - INFO - No OD flows provided, initializing with ones
2026-02-25 16:43:38,167 - pednstream.ltm.network - INFO - Controller node 2: Added 0 detour path(s) for OD (0, 6)
2026-02-25 16:44:58,010 - pednstream.ltm.network - INFO - Network initialization started, assign flows type: classic
2026-02-25 16:44:58,010 - pednstream.ltm.network - INFO - Controller configuration: enabled: True, nodes: {2}, links: []
2026-02-25 16:44:58,012 - pednstream.ltm.network - INFO - Total demand of origin node 0: 50063
2026-02-25 16:44:58,012 - pednstream.ltm.network - INFO - Network initialized with 9 nodes and 20 links
2026-02-25 16:44:58,012 - pednstream.ltm.network - INFO - No OD flows provided, initializing with ones
2026-02-25 16:44:58,013 - pednstream.ltm.network - INFO - Controller node 2: Added 0 detour path(s) for OD (0, 6)
2026-02-25 16:44:58,014 - pednstream.ltm.network - INFO - Network initialization started, assign flows type: classic
2026-02-25 16:44:58,014 - pednstream.ltm.network - INFO - Controller configuration: enabled: True, nodes: {2}, links: []
2026-02-25 16:44:58,014 - pednstream.ltm.network - INFO - Total demand of origin node 0: 50218
2026-02-25 16:44:58,015 - pednstream.ltm.network - INFO - Network initialized with 9 nodes and 20 links
2026-02-25 16:44:58,015 - pednstream.ltm.network - INFO - No OD flows provided, initializing with ones
2026-02-25 16:44:58,016 - pednstream.ltm.network - INFO - Controller node 2: Added 0 detour path(s) for OD (0, 6)
2026-02-25 16:46:19,377 - pednstream.ltm.network - INFO - Network initialization started, assign flows type: classic
2026-02-25 16:46:19,378 - pednstream.ltm.network - INFO - Controller configuration: enabled: True, nodes: {2}, links: []
2026-02-25 16:46:19,379 - pednstream.ltm.network - INFO - Total demand of origin node 0: 50069
2026-02-25 16:46:19,380 - pednstream.ltm.network - INFO - Network initialized with 9 nodes and 20 links
2026-02-25 16:46:19,380 - pednstream.ltm.network - INFO - No OD flows provided, initializing with ones
2026-02-25 16:46:19,384 - pednstream.ltm.network - INFO - Controller node 2: Added 0 detour path(s) for OD (0, 6)
2026-02-25 16:46:19,386 - pednstream.ltm.network - INFO - Network initialization started, assign flows type: classic
2026-02-25 16:46:19,386 - pednstream.ltm.network - INFO - Controller configuration: enabled: True, nodes: {2}, links: []
2026-02-25 16:46:19,386 - pednstream.ltm.network - INFO - Total demand of origin node 0: 50218
2026-02-25 16:46:19,387 - pednstream.ltm.network - INFO - Network initialized with 9 nodes and 20 links
2026-02-25 16:46:19,387 - pednstream.ltm.network - INFO - No OD flows provided, initializing with ones
2026-02-25 16:46:19,389 - pednstream.ltm.network - INFO - Controller node 2: Added 0 detour path(s) for OD (0, 6)
2026-02-25 17:05:17,938 - pednstream.ltm.network - INFO - Network initialization started, assign flows type: classic
2026-02-25 17:05:17,938 - pednstream.ltm.network - INFO - Controller configuration: enabled: True, nodes: {2}, links: []
2026-02-25 17:05:17,940 - pednstream.ltm.network - INFO - Total demand of origin node 0: 49769
2026-02-25 17:05:17,941 - pednstream.ltm.network - INFO - Network initialized with 9 nodes and 20 links
2026-02-25 17:05:17,941 - pednstream.ltm.network - INFO - No OD flows provided, initializing with ones
2026-02-25 17:05:17,943 - pednstream.ltm.network - INFO - Controller node 2: Added 0 detour path(s) for OD (0, 6)
2026-02-25 17:05:17,944 - pednstream.ltm.network - INFO - Network initialization started, assign flows type: classic
2026-02-25 17:05:17,944 - pednstream.ltm.network - INFO - Controller configuration: enabled: True, nodes: {2}, links: []
2026-02-25 17:05:17,944 - pednstream.ltm.network - INFO - Total demand of origin node 0: 50218
2026-02-25 17:05:17,945 - pednstream.ltm.network - INFO - Network initialized with 9 nodes and 20 links
2026-02-25 17:05:17,945 - pednstream.ltm.network - INFO - No OD flows provided, initializing with ones
2026-02-25 17:05:17,946 - pednstream.ltm.network - INFO - Controller node 2: Added 0 detour path(s) for OD (0, 6)
2026-02-25 17:05:55,805 - pednstream.ltm.network - INFO - Network initialization started, assign flows type: classic
2026-02-25 17:05:55,805 - pednstream.ltm.network - INFO - Controller configuration: enabled: True, nodes: {2, 6}, links: []
2026-02-25 17:05:55,807 - pednstream.ltm.network - INFO - Total demand of origin node 0: 21315
2026-02-25 17:05:55,807 - pednstream.ltm.network - INFO - Total demand of origin node 1: 22591
2026-02-25 17:05:55,807 - pednstream.ltm.network - INFO - Total demand of origin node 7: 20368
2026-02-25 17:05:55,807 - pednstream.ltm.network - INFO - Total demand of origin node 8: 20975
2026-02-25 17:05:55,808 - pednstream.ltm.network - INFO - Network initialized with 9 nodes and 20 links
2026-02-25 17:05:55,809 - pednstream.ltm.network - INFO - Controller node 2: Added 0 detour path(s) for OD (0, 7)
2026-02-25 17:05:55,810 - pednstream.ltm.network - INFO - Controller node 2: Added 0 detour path(s) for OD (7, 1)
2026-02-25 17:05:55,810 - pednstream.ltm.network - INFO - Controller node 2: Added 0 detour path(s) for OD (8, 1)
2026-02-25 17:05:55,811 - pednstream.ltm.network - INFO - Controller node 2: Added 0 detour path(s) for OD (1, 8)
2026-02-25 17:05:55,812 - pednstream.ltm.network - INFO - Controller node 2: Added 0 detour path(s) for OD (7, 0)
2026-02-25 17:05:55,812 - pednstream.ltm.network - INFO - Controller node 2: Added 0 detour path(s) for OD (8, 0)
2026-02-25 17:05:55,813 - pednstream.ltm.network - INFO - Controller node 2: Added 0 detour path(s) for OD (1, 7)
2026-02-25 17:05:55,813 - pednstream.ltm.network - INFO - Controller node 2: Added 0 detour path(s) for OD (0, 8)
2026-02-25 17:05:55,814 - pednstream.ltm.network - INFO - Controller node 6: Added 0 detour path(s) for OD (0, 7)
2026-02-25 17:05:55,814 - pednstream.ltm.network - INFO - Controller node 6: Added 0 detour path(s) for OD (7, 1)
2026-02-25 17:05:55,815 - pednstream.ltm.network - INFO - Controller node 6: Added 0 detour path(s) for OD (8, 1)
2026-02-25 17:05:55,815 - pednstream.ltm.network - INFO - Controller node 6: Added 0 detour path(s) for OD (1, 8)
2026-02-25 17:05:55,816 - pednstream.ltm.network - INFO - Controller node 6: Added 0 detour path(s) for OD (7, 0)
2026-02-25 17:05:55,816 - pednstream.ltm.network - INFO - Controller node 6: Added 0 detour path(s) for OD (8, 0)
2026-02-25 17:05:55,817 - pednstream.ltm.network - INFO - Controller node 6: Added 0 detour path(s) for OD (1, 7)
2026-02-25 17:05:55,817 - pednstream.ltm.network - INFO - Controller node 6: Added 0 detour path(s) for OD (0, 8)
2026-02-25 17:05:55,819 - pednstream.ltm.network - INFO - Network initialization started, assign flows type: classic
2026-02-25 17:05:55,819 - pednstream.ltm.network - INFO - Controller configuration: enabled: True, nodes: {2, 6}, links: []
2026-02-25 17:05:55,820 - pednstream.ltm.network - INFO - Total demand of origin node 0: 21122
2026-02-25 17:05:55,820 - pednstream.ltm.network - INFO - Total demand of origin node 1: 22591
2026-02-25 17:05:55,820 - pednstream.ltm.network - INFO - Total demand of origin node 7: 20563
2026-02-25 17:05:55,820 - pednstream.ltm.network - INFO - Total demand of origin node 8: 20888
2026-02-25 17:05:55,820 - pednstream.ltm.network - INFO - Network initialized with 9 nodes and 20 links
2026-02-25 17:05:55,822 - pednstream.ltm.network - INFO - Controller node 2: Added 0 detour path(s) for OD (0, 7)
2026-02-25 17:05:55,823 - pednstream.ltm.network - INFO - Controller node 2: Added 0 detour path(s) for OD (7, 1)
2026-02-25 17:05:55,823 - pednstream.ltm.network - INFO - Controller node 2: Added 0 detour path(s) for OD (8, 1)
2026-02-25 17:05:55,824 - pednstream.ltm.network - INFO - Controller node 2: Added 0 detour path(s) for OD (1, 8)
2026-02-25 17:05:55,824 - pednstream.ltm.network - INFO - Controller node 2: Added 0 detour path(s) for OD (7, 0)
2026-02-25 17:05:55,825 - pednstream.ltm.network - INFO - Controller node 2: Added 0 detour path(s) for OD (8, 0)
2026-02-25 17:05:55,825 - pednstream.ltm.network - INFO - Controller node 2: Added 0 detour path(s) for OD (1, 7)
2026-02-25 17:05:55,826 - pednstream.ltm.network - INFO - Controller node 2: Added 0 detour path(s) for OD (0, 8)
2026-02-25 17:05:55,826 - pednstream.ltm.network - INFO - Controller node 6: Added 0 detour path(s) for OD (0, 7)
2026-02-25 17:05:55,827 - pednstream.ltm.network - INFO - Controller node 6: Added 0 detour path(s) for OD (7, 1)
2026-02-25 17:05:55,827 - pednstream.ltm.network - INFO - Controller node 6: Added 0 detour path(s) for OD (8, 1)
2026-02-25 17:05:55,828 - pednstream.ltm.network - INFO - Controller node 6: Added 0 detour path(s) for OD (1, 8)
2026-02-25 17:05:55,828 - pednstream.ltm.network - INFO - Controller node 6: Added 0 detour path(s) for OD (7, 0)
2026-02-25 17:05:55,829 - pednstream.ltm.network - INFO - Controller node 6: Added 0 detour path(s) for OD (8, 0)
2026-02-25 17:05:55,829 - pednstream.ltm.network - INFO - Controller node 6: Added 0 detour path(s) for OD (1, 7)
2026-02-25 17:05:55,829 - pednstream.ltm.network - INFO - Controller node 6: Added 0 detour path(s) for OD (0, 8)
2026-02-25 18:13:54,538 - pednstream.ltm.network - INFO - Network initialization started, assign flows type: classic
2026-02-25 18:13:54,538 - pednstream.ltm.network - INFO - Controller configuration: enabled: True, nodes: {2, 6}, links: []
2026-02-25 18:13:54,540 - pednstream.ltm.network - INFO - Total demand of origin node 0: 21046
2026-02-25 18:13:54,540 - pednstream.ltm.network - INFO - Total demand of origin node 1: 22422
2026-02-25 18:13:54,540 - pednstream.ltm.network - INFO - Total demand of origin node 7: 20521
2026-02-25 18:13:54,541 - pednstream.ltm.network - INFO - Total demand of origin node 8: 21195
2026-02-25 18:13:54,541 - pednstream.ltm.network - INFO - Network initialized with 9 nodes and 20 links
2026-02-25 18:13:54,542 - pednstream.ltm.network - INFO - Controller node 2: Added 0 detour path(s) for OD (0, 7)
2026-02-25 18:13:54,543 - pednstream.ltm.network - INFO - Controller node 2: Added 0 detour path(s) for OD (7, 1)
2026-02-25 18:13:54,543 - pednstream.ltm.network - INFO - Controller node 2: Added 0 detour path(s) for OD (8, 1)
2026-02-25 18:13:54,544 - pednstream.ltm.network - INFO - Controller node 2: Added 0 detour path(s) for OD (1, 8)
2026-02-25 18:13:54,544 - pednstream.ltm.network - INFO - Controller node 2: Added 0 detour path(s) for OD (7, 0)
2026-02-25 18:13:54,545 - pednstream.ltm.network - INFO - Controller node 2: Added 0 detour path(s) for OD (8, 0)
2026-02-25 18:13:54,545 - pednstream.ltm.network - INFO - Controller node 2: Added 0 detour path(s) for OD (1, 7)
2026-02-25 18:13:54,546 - pednstream.ltm.network - INFO - Controller node 2: Added 0 detour path(s) for OD (0, 8)
2026-02-25 18:13:54,546 - pednstream.ltm.network - INFO - Controller node 6: Added 0 detour path(s) for OD (0, 7)
2026-02-25 18:13:54,547 - pednstream.ltm.network - INFO - Controller node 6: Added 0 detour path(s) for OD (7, 1)
2026-02-25 18:13:54,547 - pednstream.ltm.network - INFO - Controller node 6: Added 0 detour path(s) for OD (8, 1)
2026-02-25 18:13:54,547 - pednstream.ltm.network - INFO - Controller node 6: Added 0 detour path(s) for OD (1, 8)
2026-02-25 18:13:54,548 - pednstream.ltm.network - INFO - Controller node 6: Added 0 detour path(s) for OD (7, 0)
2026-02-25 18:13:54,549 - pednstream.ltm.network - INFO - Controller node 6: Added 0 detour path(s) for OD (8, 0)
2026-02-25 18:13:54,549 - pednstream.ltm.network - INFO - Controller node 6: Added 0 detour path(s) for OD (1, 7)
2026-02-25 18:13:54,549 - pednstream.ltm.network - INFO - Controller node 6: Added 0 detour path(s) for OD (0, 8)
2026-02-25 18:13:54,552 - pednstream.ltm.network - INFO - Network initialization started, assign flows type: classic
2026-02-25 18:13:54,552 - pednstream.ltm.network - INFO - Controller configuration: enabled: True, nodes: {2, 6}, links: []
2026-02-25 18:13:54,552 - pednstream.ltm.network - INFO - Total demand of origin node 0: 21122
2026-02-25 18:13:54,552 - pednstream.ltm.network - INFO - Total demand of origin node 1: 22591
2026-02-25 18:13:54,552 - pednstream.ltm.network - INFO - Total demand of origin node 7: 20563
2026-02-25 18:13:54,553 - pednstream.ltm.network - INFO - Total demand of origin node 8: 20888
2026-02-25 18:13:54,553 - pednstream.ltm.network - INFO - Network initialized with 9 nodes and 20 links
2026-02-25 18:13:54,555 - pednstream.ltm.network - INFO - Controller node 2: Added 0 detour path(s) for OD (0, 7)
2026-02-25 18:13:54,555 - pednstream.ltm.network - INFO - Controller node 2: Added 0 detour path(s) for OD (7, 1)
2026-02-25 18:13:54,555 - pednstream.ltm.network - INFO - Controller node 2: Added 0 detour path(s) for OD (8, 1)
2026-02-25 18:13:54,556 - pednstream.ltm.network - INFO - Controller node 2: Added 0 detour path(s) for OD (1, 8)
2026-02-25 18:13:54,556 - pednstream.ltm.network - INFO - Controller node 2: Added 0 detour path(s) for OD (7, 0)
2026-02-25 18:13:54,557 - pednstream.ltm.network - INFO - Controller node 2: Added 0 detour path(s) for OD (8, 0)
2026-02-25 18:13:54,557 - pednstream.ltm.network - INFO - Controller node 2: Added 0 detour path(s) for OD (1, 7)
2026-02-25 18:13:54,558 - pednstream.ltm.network - INFO - Controller node 2: Added 0 detour path(s) for OD (0, 8)
2026-02-25 18:13:54,558 - pednstream.ltm.network - INFO - Controller node 6: Added 0 detour path(s) for OD (0, 7)
2026-02-25 18:13:54,559 - pednstream.ltm.network - INFO - Controller node 6: Added 0 detour path(s) for OD (7, 1)
2026-02-25 18:13:54,559 - pednstream.ltm.network - INFO - Controller node 6: Added 0 detour path(s) for OD (8, 1)
2026-02-25 18:13:54,560 - pednstream.ltm.network - INFO - Controller node 6: Added 0 detour path(s) for OD (1, 8)
2026-02-25 18:13:54,560 - pednstream.ltm.network - INFO - Controller node 6: Added 0 detour path(s) for OD (7, 0)
2026-02-25 18:13:54,561 - pednstream.ltm.network - INFO - Controller node 6: Added 0 detour path(s) for OD (8, 0)
2026-02-25 18:13:54,561 - pednstream.ltm.network - INFO - Controller node 6: Added 0 detour path(s) for OD (1, 7)
2026-02-25 18:13:54,561 - pednstream.ltm.network - INFO - Controller node 6: Added 0 detour path(s) for OD (0, 8)
2026-02-25 18:14:31,674 - pednstream.ltm.network - INFO - Network initialization started, assign flows type: classic
2026-02-25 18:14:31,674 - pednstream.ltm.network - INFO - Controller configuration: enabled: True, nodes: {2, 6}, links: []
2026-02-25 18:14:31,676 - pednstream.ltm.network - INFO - Total demand of origin node 0: 20957
2026-02-25 18:14:31,676 - pednstream.ltm.network - INFO - Total demand of origin node 1: 22657
2026-02-25 18:14:31,677 - pednstream.ltm.network - INFO - Total demand of origin node 7: 20478
2026-02-25 18:14:31,677 - pednstream.ltm.network - INFO - Total demand of origin node 8: 20856
2026-02-25 18:14:31,677 - pednstream.ltm.network - INFO - Network initialized with 9 nodes and 20 links
2026-02-25 18:14:31,679 - pednstream.ltm.network - INFO - Controller node 2: Added 0 detour path(s) for OD (0, 7)
2026-02-25 18:14:31,680 - pednstream.ltm.network - INFO - Controller node 2: Added 0 detour path(s) for OD (7, 1)
2026-02-25 18:14:31,680 - pednstream.ltm.network - INFO - Controller node 2: Added 0 detour path(s) for OD (8, 1)
2026-02-25 18:14:31,681 - pednstream.ltm.network - INFO - Controller node 2: Added 0 detour path(s) for OD (1, 8)
2026-02-25 18:14:31,681 - pednstream.ltm.network - INFO - Controller node 2: Added 0 detour path(s) for OD (7, 0)
2026-02-25 18:14:31,682 - pednstream.ltm.network - INFO - Controller node 2: Added 0 detour path(s) for OD (8, 0)
2026-02-25 18:14:31,682 - pednstream.ltm.network - INFO - Controller node 2: Added 0 detour path(s) for OD (1, 7)
2026-02-25 18:14:31,683 - pednstream.ltm.network - INFO - Controller node 2: Added 0 detour path(s) for OD (0, 8)
2026-02-25 18:14:31,683 - pednstream.ltm.network - INFO - Controller node 6: Added 0 detour path(s) for OD (0, 7)
2026-02-25 18:14:31,684 - pednstream.ltm.network - INFO - Controller node 6: Added 0 detour path(s) for OD (7, 1)
2026-02-25 18:14:31,684 - pednstream.ltm.network - INFO - Controller node 6: Added 0 detour path(s) for OD (8, 1)
2026-02-25 18:14:31,685 - pednstream.ltm.network - INFO - Controller node 6: Added 0 detour path(s) for OD (1, 8)
2026-02-25 18:14:31,685 - pednstream.ltm.network - INFO - Controller node 6: Added 0 detour path(s) for OD (7, 0)
2026-02-25 18:14:31,686 - pednstream.ltm.network - INFO - Controller node 6: Added 0 detour path(s) for OD (8, 0)
2026-02-25 18:14:31,686 - pednstream.ltm.network - INFO - Controller node 6: Added 0 detour path(s) for OD (1, 7)
2026-02-25 18:14:31,687 - pednstream.ltm.network - INFO - Controller node 6: Added 0 detour path(s) for OD (0, 8)
2026-02-25 18:14:31,689 - pednstream.ltm.network - INFO - Network initialization started, assign flows type: classic
2026-02-25 18:14:31,689 - pednstream.ltm.network - INFO - Controller configuration: enabled: True, nodes: {2, 6}, links: []
2026-02-25 18:14:31,690 - pednstream.ltm.network - INFO - Total demand of origin node 0: 21122
2026-02-25 18:14:31,690 - pednstream.ltm.network - INFO - Total demand of origin node 1: 22591
2026-02-25 18:14:31,690 - pednstream.ltm.network - INFO - Total demand of origin node 7: 20563
2026-02-25 18:14:31,691 - pednstream.ltm.network - INFO - Total demand of origin node 8: 20888
2026-02-25 18:14:31,691 - pednstream.ltm.network - INFO - Network initialized with 9 nodes and 20 links
2026-02-25 18:14:31,693 - pednstream.ltm.network - INFO - Controller node 2: Added 0 detour path(s) for OD (0, 7)
2026-02-25 18:14:31,693 - pednstream.ltm.network - INFO - Controller node 2: Added 0 detour path(s) for OD (7, 1)
2026-02-25 18:14:31,693 - pednstream.ltm.network - INFO - Controller node 2: Added 0 detour path(s) for OD (8, 1)
2026-02-25 18:14:31,694 - pednstream.ltm.network - INFO - Controller node 2: Added 0 detour path(s) for OD (1, 8)
2026-02-25 18:14:31,694 - pednstream.ltm.network - INFO - Controller node 2: Added 0 detour path(s) for OD (7, 0)
2026-02-25 18:14:31,695 - pednstream.ltm.network - INFO - Controller node 2: Added 0 detour path(s) for OD (8, 0)
2026-02-25 18:14:31,695 - pednstream.ltm.network - INFO - Controller node 2: Added 0 detour path(s) for OD (1, 7)
2026-02-25 18:14:31,696 - pednstream.ltm.network - INFO - Controller node 2: Added 0 detour path(s) for OD (0, 8)
2026-02-25 18:14:31,696 - pednstream.ltm.network - INFO - Controller node 6: Added 0 detour path(s) for OD (0, 7)
2026-02-25 18:14:31,697 - pednstream.ltm.network - INFO - Controller node 6: Added 0 detour path(s) for OD (7, 1)
2026-02-25 18:14:31,697 - pednstream.ltm.network - INFO - Controller node 6: Added 0 detour path(s) for OD (8, 1)
2026-02-25 18:14:31,698 - pednstream.ltm.network - INFO - Controller node 6: Added 0 detour path(s) for OD (1, 8)
2026-02-25 18:14:31,698 - pednstream.ltm.network - INFO - Controller node 6: Added 0 detour path(s) for OD (7, 0)
2026-02-25 18:14:31,699 - pednstream.ltm.network - INFO - Controller node 6: Added 0 detour path(s) for OD (8, 0)
2026-02-25 18:14:31,699 - pednstream.ltm.network - INFO - Controller node 6: Added 0 detour path(s) for OD (1, 7)
2026-02-25 18:14:31,700 - pednstream.ltm.network - INFO - Controller node 6: Added 0 detour path(s) for OD (0, 8)
2026-02-25 18:15:41,184 - pednstream.ltm.network - INFO - Network initialization started, assign flows type: classic
2026-02-25 18:15:41,184 - pednstream.ltm.network - INFO - Controller configuration: enabled: True, nodes: {2, 6}, links: []
2026-02-25 18:15:41,185 - pednstream.ltm.network - INFO - Total demand of origin node 0: 21014
2026-02-25 18:15:41,185 - pednstream.ltm.network - INFO - Total demand of origin node 1: 22462
2026-02-25 18:15:41,186 - pednstream.ltm.network - INFO - Total demand of origin node 7: 20696
2026-02-25 18:15:41,186 - pednstream.ltm.network - INFO - Total demand of origin node 8: 21134
2026-02-25 18:15:41,186 - pednstream.ltm.network - INFO - Network initialized with 9 nodes and 20 links
2026-02-25 18:15:41,187 - pednstream.ltm.network - INFO - Controller node 2: Added 0 detour path(s) for OD (0, 7)
2026-02-25 18:15:41,188 - pednstream.ltm.network - INFO - Controller node 2: Added 0 detour path(s) for OD (7, 1)
2026-02-25 18:15:41,188 - pednstream.ltm.network - INFO - Controller node 2: Added 0 detour path(s) for OD (8, 1)
2026-02-25 18:15:41,189 - pednstream.ltm.network - INFO - Controller node 2: Added 0 detour path(s) for OD (1, 8)
2026-02-25 18:15:41,189 - pednstream.ltm.network - INFO - Controller node 2: Added 0 detour path(s) for OD (7, 0)
2026-02-25 18:15:41,190 - pednstream.ltm.network - INFO - Controller node 2: Added 0 detour path(s) for OD (8, 0)
2026-02-25 18:15:41,190 - pednstream.ltm.network - INFO - Controller node 2: Added 0 detour path(s) for OD (1, 7)
2026-02-25 18:15:41,191 - pednstream.ltm.network - INFO - Controller node 2: Added 0 detour path(s) for OD (0, 8)
2026-02-25 18:15:41,191 - pednstream.ltm.network - INFO - Controller node 6: Added 0 detour path(s) for OD (0, 7)
2026-02-25 18:15:41,192 - pednstream.ltm.network - INFO - Controller node 6: Added 0 detour path(s) for OD (7, 1)
2026-02-25 18:15:41,192 - pednstream.ltm.network - INFO - Controller node 6: Added 0 detour path(s) for OD (8, 1)
2026-02-25 18:15:41,193 - pednstream.ltm.network - INFO - Controller node 6: Added 0 detour path(s) for OD (1, 8)
2026-02-25 18:15:41,193 - pednstream.ltm.network - INFO - Controller node 6: Added 0 detour path(s) for OD (7, 0)
2026-02-25 18:15:41,194 - pednstream.ltm.network - INFO - Controller node 6: Added 0 detour path(s) for OD (8, 0)
2026-02-25 18:15:41,194 - pednstream.ltm.network - INFO - Controller node 6: Added 0 detour path(s) for OD (1, 7)
2026-02-25 18:15:41,194 - pednstream.ltm.network - INFO - Controller node 6: Added 0 detour path(s) for OD (0, 8)
2026-02-25 18:15:41,196 - pednstream.ltm.network - INFO - Network initialization started, assign flows type: classic
2026-02-25 18:15:41,196 - pednstream.ltm.network - INFO - Controller configuration: enabled: True, nodes: {2, 6}, links: []
2026-02-25 18:15:41,196 - pednstream.ltm.network - INFO - Total demand of origin node 0: 21122
2026-02-25 18:15:41,197 - pednstream.ltm.network - INFO - Total demand of origin node 1: 22591
2026-02-25 18:15:41,197 - pednstream.ltm.network - INFO - Total demand of origin node 7: 20563
2026-02-25 18:15:41,197 - pednstream.ltm.network - INFO - Total demand of origin node 8: 20888
2026-02-25 18:15:41,197 - pednstream.ltm.network - INFO - Network initialized with 9 nodes and 20 links
2026-02-25 18:15:41,198 - pednstream.ltm.network - INFO - Controller node 2: Added 0 detour path(s) for OD (0, 7)
2026-02-25 18:15:41,199 - pednstream.ltm.network - INFO - Controller node 2: Added 0 detour path(s) for OD (7, 1)
2026-02-25 18:15:41,199 - pednstream.ltm.network - INFO - Controller node 2: Added 0 detour path(s) for OD (8, 1)
2026-02-25 18:15:41,200 - pednstream.ltm.network - INFO - Controller node 2: Added 0 detour path(s) for OD (1, 8)
2026-02-25 18:15:41,200 - pednstream.ltm.network - INFO - Controller node 2: Added 0 detour path(s) for OD (7, 0)
2026-02-25 18:15:41,201 - pednstream.ltm.network - INFO - Controller node 2: Added 0 detour path(s) for OD (8, 0)
2026-02-25 18:15:41,201 - pednstream.ltm.network - INFO - Controller node 2: Added 0 detour path(s) for OD (1, 7)
2026-02-25 18:15:41,202 - pednstream.ltm.network - INFO - Controller node 2: Added 0 detour path(s) for OD (0, 8)
2026-02-25 18:15:41,202 - pednstream.ltm.network - INFO - Controller node 6: Added 0 detour path(s) for OD (0, 7)
2026-02-25 18:15:41,203 - pednstream.ltm.network - INFO - Controller node 6: Added 0 detour path(s) for OD (7, 1)
2026-02-25 18:15:41,203 - pednstream.ltm.network - INFO - Controller node 6: Added 0 detour path(s) for OD (8, 1)
2026-02-25 18:15:41,204 - pednstream.ltm.network - INFO - Controller node 6: Added 0 detour path(s) for OD (1, 8)
2026-02-25 18:15:41,204 - pednstream.ltm.network - INFO - Controller node 6: Added 0 detour path(s) for OD (7, 0)
2026-02-25 18:15:41,205 - pednstream.ltm.network - INFO - Controller node 6: Added 0 detour path(s) for OD (8, 0)
2026-02-25 18:15:41,205 - pednstream.ltm.network - INFO - Controller node 6: Added 0 detour path(s) for OD (1, 7)
2026-02-25 18:15:41,206 - pednstream.ltm.network - INFO - Controller node 6: Added 0 detour path(s) for OD (0, 8)
2026-02-25 18:16:46,567 - pednstream.ltm.network - INFO - Network initialization started, assign flows type: classic
2026-02-25 18:16:46,567 - pednstream.ltm.network - INFO - Controller configuration: enabled: True, nodes: {2, 6}, links: []
2026-02-25 18:16:46,569 - pednstream.ltm.network - INFO - Total demand of origin node 0: 20904
2026-02-25 18:16:46,569 - pednstream.ltm.network - INFO - Total demand of origin node 1: 22532
2026-02-25 18:16:46,570 - pednstream.ltm.network - INFO - Total demand of origin node 7: 20442
2026-02-25 18:16:46,570 - pednstream.ltm.network - INFO - Total demand of origin node 8: 20989
2026-02-25 18:16:46,570 - pednstream.ltm.network - INFO - Network initialized with 9 nodes and 20 links
2026-02-25 18:16:46,572 - pednstream.ltm.network - INFO - Controller node 2: Added 0 detour path(s) for OD (0, 7)
2026-02-25 18:16:46,572 - pednstream.ltm.network - INFO - Controller node 2: Added 0 detour path(s) for OD (7, 1)
2026-02-25 18:16:46,573 - pednstream.ltm.network - INFO - Controller node 2: Added 0 detour path(s) for OD (8, 1)
2026-02-25 18:16:46,573 - pednstream.ltm.network - INFO - Controller node 2: Added 0 detour path(s) for OD (1, 8)
2026-02-25 18:16:46,574 - pednstream.ltm.network - INFO - Controller node 2: Added 0 detour path(s) for OD (7, 0)
2026-02-25 18:16:46,574 - pednstream.ltm.network - INFO - Controller node 2: Added 0 detour path(s) for OD (8, 0)
2026-02-25 18:16:46,574 - pednstream.ltm.network - INFO - Controller node 2: Added 0 detour path(s) for OD (1, 7)
2026-02-25 18:16:46,575 - pednstream.ltm.network - INFO - Controller node 2: Added 0 detour path(s) for OD (0, 8)
2026-02-25 18:16:46,575 - pednstream.ltm.network - INFO - Controller node 6: Added 0 detour path(s) for OD (0, 7)
2026-02-25 18:16:46,576 - pednstream.ltm.network - INFO - Controller node 6: Added 0 detour path(s) for OD (7, 1)
2026-02-25 18:16:46,576 - pednstream.ltm.network - INFO - Controller node 6: Added 0 detour path(s) for OD (8, 1)
2026-02-25 18:16:46,577 - pednstream.ltm.network - INFO - Controller node 6: Added 0 detour path(s) for OD (1, 8)
2026-02-25 18:16:46,577 - pednstream.ltm.network - INFO - Controller node 6: Added 0 detour path(s) for OD (7, 0)
2026-02-25 18:16:46,578 - pednstream.ltm.network - INFO - Controller node 6: Added 0 detour path(s) for OD (8, 0)
2026-02-25 18:16:46,578 - pednstream.ltm.network - INFO - Controller node 6: Added 0 detour path(s) for OD (1, 7)
2026-02-25 18:16:46,579 - pednstream.ltm.network - INFO - Controller node 6: Added 0 detour path(s) for OD (0, 8)
2026-02-25 18:16:46,581 - pednstream.ltm.network - INFO - Network initialization started, assign flows type: classic
2026-02-25 18:16:46,581 - pednstream.ltm.network - INFO - Controller configuration: enabled: True, nodes: {2, 6}, links: []
2026-02-25 18:16:46,581 - pednstream.ltm.network - INFO - Total demand of origin node 0: 21122
2026-02-25 18:16:46,581 - pednstream.ltm.network - INFO - Total demand of origin node 1: 22591
2026-02-25 18:16:46,582 - pednstream.ltm.network - INFO - Total demand of origin node 7: 20563
2026-02-25 18:16:46,582 - pednstream.ltm.network - INFO - Total demand of origin node 8: 20888
2026-02-25 18:16:46,582 - pednstream.ltm.network - INFO - Network initialized with 9 nodes and 20 links
2026-02-25 18:16:46,584 - pednstream.ltm.network - INFO - Controller node 2: Added 0 detour path(s) for OD (0, 7)
2026-02-25 18:16:46,584 - pednstream.ltm.network - INFO - Controller node 2: Added 0 detour path(s) for OD (7, 1)
2026-02-25 18:16:46,585 - pednstream.ltm.network - INFO - Controller node 2: Added 0 detour path(s) for OD (8, 1)
2026-02-25 18:16:46,585 - pednstream.ltm.network - INFO - Controller node 2: Added 0 detour path(s) for OD (1, 8)
2026-02-25 18:16:46,586 - pednstream.ltm.network - INFO - Controller node 2: Added 0 detour path(s) for OD (7, 0)
2026-02-25 18:16:46,586 - pednstream.ltm.network - INFO - Controller node 2: Added 0 detour path(s) for OD (8, 0)
2026-02-25 18:16:46,587 - pednstream.ltm.network - INFO - Controller node 2: Added 0 detour path(s) for OD (1, 7)
2026-02-25 18:16:46,587 - pednstream.ltm.network - INFO - Controller node 2: Added 0 detour path(s) for OD (0, 8)
2026-02-25 18:16:46,588 - pednstream.ltm.network - INFO - Controller node 6: Added 0 detour path(s) for OD (0, 7)
2026-02-25 18:16:46,588 - pednstream.ltm.network - INFO - Controller node 6: Added 0 detour path(s) for OD (7, 1)
2026-02-25 18:16:46,589 - pednstream.ltm.network - INFO - Controller node 6: Added 0 detour path(s) for OD (8, 1)
2026-02-25 18:16:46,589 - pednstream.ltm.network - INFO - Controller node 6: Added 0 detour path(s) for OD (1, 8)
2026-02-25 18:16:46,590 - pednstream.ltm.network - INFO - Controller node 6: Added 0 detour path(s) for OD (7, 0)
2026-02-25 18:16:46,590 - pednstream.ltm.network - INFO - Controller node 6: Added 0 detour path(s) for OD (8, 0)
2026-02-25 18:16:46,591 - pednstream.ltm.network - INFO - Controller node 6: Added 0 detour path(s) for OD (1, 7)
2026-02-25 18:16:46,591 - pednstream.ltm.network - INFO - Controller node 6: Added 0 detour path(s) for OD (0, 8)
2026-02-25 18:19:11,627 - pednstream.ltm.network - INFO - Network initialization started, assign flows type: classic
2026-02-25 18:19:11,627 - pednstream.ltm.network - INFO - Controller configuration: enabled: True, nodes: {2}, links: []
2026-02-25 18:19:11,628 - pednstream.ltm.network - INFO - Total demand of origin node 0: 8973
2026-02-25 18:19:11,629 - pednstream.ltm.network - INFO - Total demand of origin node 1: 34814
2026-02-25 18:19:11,629 - pednstream.ltm.network - INFO - Network initialized with 9 nodes and 20 links
2026-02-25 18:19:11,629 - pednstream.ltm.network - INFO - No OD flows provided, initializing with ones
2026-02-25 18:19:11,631 - pednstream.ltm.network - INFO - Controller node 2: Added 0 detour path(s) for OD (1, 6)
2026-02-25 18:19:11,631 - pednstream.ltm.network - INFO - Controller node 2: Added 0 detour path(s) for OD (0, 6)
2026-02-25 18:19:11,632 - pednstream.ltm.network - INFO - Network initialization started, assign flows type: classic
2026-02-25 18:19:11,632 - pednstream.ltm.network - INFO - Controller configuration: enabled: True, nodes: {2}, links: []
2026-02-25 18:19:11,633 - pednstream.ltm.network - INFO - Total demand of origin node 0: 9061
2026-02-25 18:19:11,633 - pednstream.ltm.network - INFO - Total demand of origin node 1: 34790
2026-02-25 18:19:11,633 - pednstream.ltm.network - INFO - Network initialized with 9 nodes and 20 links
2026-02-25 18:19:11,633 - pednstream.ltm.network - INFO - No OD flows provided, initializing with ones
2026-02-25 18:19:11,634 - pednstream.ltm.network - INFO - Controller node 2: Added 0 detour path(s) for OD (1, 6)
2026-02-25 18:19:11,634 - pednstream.ltm.network - INFO - Controller node 2: Added 0 detour path(s) for OD (0, 6)
2026-02-25 18:19:36,226 - pednstream.ltm.network - INFO - Network initialization started, assign flows type: classic
2026-02-25 18:19:36,226 - pednstream.ltm.network - INFO - Controller configuration: enabled: True, nodes: {2}, links: []
2026-02-25 18:19:36,228 - pednstream.ltm.network - INFO - Total demand of origin node 0: 8992
2026-02-25 18:19:36,229 - pednstream.ltm.network - INFO - Total demand of origin node 1: 35225
2026-02-25 18:19:36,229 - pednstream.ltm.network - INFO - Network initialized with 9 nodes and 20 links
2026-02-25 18:19:36,229 - pednstream.ltm.network - INFO - No OD flows provided, initializing with ones
2026-02-25 18:19:36,234 - pednstream.ltm.network - INFO - Controller node 2: Added 0 detour path(s) for OD (1, 6)
2026-02-25 18:19:36,236 - pednstream.ltm.network - INFO - Controller node 2: Added 0 detour path(s) for OD (0, 6)
2026-02-25 18:19:36,238 - pednstream.ltm.network - INFO - Network initialization started, assign flows type: classic
2026-02-25 18:19:36,238 - pednstream.ltm.network - INFO - Controller configuration: enabled: True, nodes: {2}, links: []
2026-02-25 18:19:36,238 - pednstream.ltm.network - INFO - Total demand of origin node 0: 9061
2026-02-25 18:19:36,238 - pednstream.ltm.network - INFO - Total demand of origin node 1: 34790
2026-02-25 18:19:36,239 - pednstream.ltm.network - INFO - Network initialized with 9 nodes and 20 links
2026-02-25 18:19:36,239 - pednstream.ltm.network - INFO - No OD flows provided, initializing with ones
2026-02-25 18:19:36,242 - pednstream.ltm.network - INFO - Controller node 2: Added 0 detour path(s) for OD (1, 6)
2026-02-25 18:19:36,244 - pednstream.ltm.network - INFO - Controller node 2: Added 0 detour path(s) for OD (0, 6)
2026-02-25 18:20:09,132 - pednstream.ltm.network - INFO - Network initialization started, assign flows type: classic
2026-02-25 18:20:09,132 - pednstream.ltm.network - INFO - Controller configuration: enabled: True, nodes: {2}, links: []
2026-02-25 18:20:09,134 - pednstream.ltm.network - INFO - Total demand of origin node 0: 8871
2026-02-25 18:20:09,134 - pednstream.ltm.network - INFO - Total demand of origin node 1: 34581
2026-02-25 18:20:09,135 - pednstream.ltm.network - INFO - Network initialized with 9 nodes and 20 links
2026-02-25 18:20:09,135 - pednstream.ltm.network - INFO - No OD flows provided, initializing with ones
2026-02-25 18:20:09,136 - pednstream.ltm.network - INFO - Controller node 2: Added 0 detour path(s) for OD (1, 6)
2026-02-25 18:20:09,137 - pednstream.ltm.network - INFO - Controller node 2: Added 0 detour path(s) for OD (0, 6)
2026-02-25 18:20:09,138 - pednstream.ltm.network - INFO - Network initialization started, assign flows type: classic
2026-02-25 18:20:09,138 - pednstream.ltm.network - INFO - Controller configuration: enabled: True, nodes: {2}, links: []
2026-02-25 18:20:09,138 - pednstream.ltm.network - INFO - Total demand of origin node 0: 9061
2026-02-25 18:20:09,138 - pednstream.ltm.network - INFO - Total demand of origin node 1: 34790
2026-02-25 18:20:09,139 - pednstream.ltm.network - INFO - Network initialized with 9 nodes and 20 links
2026-02-25 18:20:09,139 - pednstream.ltm.network - INFO - No OD flows provided, initializing with ones
2026-02-25 18:20:09,139 - pednstream.ltm.network - INFO - Controller node 2: Added 0 detour path(s) for OD (1, 6)
2026-02-25 18:20:09,140 - pednstream.ltm.network - INFO - Controller node 2: Added 0 detour path(s) for OD (0, 6)
2026-02-25 18:21:38,755 - pednstream.ltm.network - INFO - Network initialization started, assign flows type: classic
2026-02-25 18:21:38,756 - pednstream.ltm.network - INFO - Controller configuration: enabled: True, nodes: {2}, links: []
2026-02-25 18:21:38,760 - pednstream.ltm.network - INFO - Total demand of origin node 0: 8959
2026-02-25 18:21:38,761 - pednstream.ltm.network - INFO - Total demand of origin node 1: 34590
2026-02-25 18:21:38,762 - pednstream.ltm.network - INFO - Network initialized with 9 nodes and 20 links
2026-02-25 18:21:38,762 - pednstream.ltm.network - INFO - No OD flows provided, initializing with ones
2026-02-25 18:21:38,765 - pednstream.ltm.network - INFO - Controller node 2: Added 0 detour path(s) for OD (1, 6)
2026-02-25 18:21:38,766 - pednstream.ltm.network - INFO - Controller node 2: Added 0 detour path(s) for OD (0, 6)
2026-02-25 18:21:38,772 - pednstream.ltm.network - INFO - Network initialization started, assign flows type: classic
2026-02-25 18:21:38,772 - pednstream.ltm.network - INFO - Controller configuration: enabled: True, nodes: {2}, links: []
2026-02-25 18:21:38,772 - pednstream.ltm.network - INFO - Total demand of origin node 0: 9061
2026-02-25 18:21:38,773 - pednstream.ltm.network - INFO - Total demand of origin node 1: 34790
2026-02-25 18:21:38,773 - pednstream.ltm.network - INFO - Network initialized with 9 nodes and 20 links
2026-02-25 18:21:38,773 - pednstream.ltm.network - INFO - No OD flows provided, initializing with ones
2026-02-25 18:21:38,774 - pednstream.ltm.network - INFO - Controller node 2: Added 0 detour path(s) for OD (1, 6)
2026-02-25 18:21:38,774 - pednstream.ltm.network - INFO - Controller node 2: Added 0 detour path(s) for OD (0, 6)
2026-02-25 23:15:12,057 - pednstream.ltm.network - INFO - Network initialization started, assign flows type: classic
2026-02-25 23:15:12,057 - pednstream.ltm.network - INFO - Controller configuration: enabled: True, nodes: {2}, links: []
2026-02-25 23:15:12,058 - pednstream.ltm.network - INFO - Total demand of origin node 0: 8961
2026-02-25 23:15:12,059 - pednstream.ltm.network - INFO - Total demand of origin node 1: 35066
2026-02-25 23:15:12,060 - pednstream.ltm.network - INFO - Network initialized with 9 nodes and 20 links
2026-02-25 23:15:12,060 - pednstream.ltm.network - INFO - No OD flows provided, initializing with ones
2026-02-25 23:15:12,061 - pednstream.ltm.network - INFO - Controller node 2: Added 0 detour path(s) for OD (1, 6)
2026-02-25 23:15:12,061 - pednstream.ltm.network - INFO - Controller node 2: Added 0 detour path(s) for OD (0, 6)
2026-02-25 23:15:12,062 - pednstream.ltm.network - INFO - Network initialization started, assign flows type: classic
2026-02-25 23:15:12,062 - pednstream.ltm.network - INFO - Controller configuration: enabled: True, nodes: {2}, links: []
2026-02-25 23:15:12,063 - pednstream.ltm.network - INFO - Total demand of origin node 0: 9061
2026-02-25 23:15:12,063 - pednstream.ltm.network - INFO - Total demand of origin node 1: 34790
2026-02-25 23:15:12,063 - pednstream.ltm.network - INFO - Network initialized with 9 nodes and 20 links
2026-02-25 23:15:12,063 - pednstream.ltm.network - INFO - No OD flows provided, initializing with ones
2026-02-25 23:15:12,064 - pednstream.ltm.network - INFO - Controller node 2: Added 0 detour path(s) for OD (1, 6)
2026-02-25 23:15:12,064 - pednstream.ltm.network - INFO - Controller node 2: Added 0 detour path(s) for OD (0, 6)
2026-02-26 09:08:14,146 - pednstream.ltm.network - INFO - Network initialization started, assign flows type: classic
2026-02-26 09:08:14,146 - pednstream.ltm.network - INFO - Controller configuration: enabled: True, nodes: {2}, links: []
2026-02-26 09:08:14,147 - pednstream.ltm.network - INFO - Total demand of origin node 0: 9008
2026-02-26 09:08:14,148 - pednstream.ltm.network - INFO - Total demand of origin node 1: 35002
2026-02-26 09:08:14,149 - pednstream.ltm.network - INFO - Network initialized with 9 nodes and 20 links
2026-02-26 09:08:14,149 - pednstream.ltm.network - INFO - No OD flows provided, initializing with ones
2026-02-26 09:08:14,150 - pednstream.ltm.network - INFO - Controller node 2: Added 0 detour path(s) for OD (1, 6)
2026-02-26 09:08:14,151 - pednstream.ltm.network - INFO - Controller node 2: Added 0 detour path(s) for OD (0, 6)
2026-02-26 09:08:14,152 - pednstream.ltm.network - INFO - Network initialization started, assign flows type: classic
2026-02-26 09:08:14,152 - pednstream.ltm.network - INFO - Controller configuration: enabled: True, nodes: {2}, links: []
2026-02-26 09:08:14,152 - pednstream.ltm.network - INFO - Total demand of origin node 0: 9061
2026-02-26 09:08:14,152 - pednstream.ltm.network - INFO - Total demand of origin node 1: 34790
2026-02-26 09:08:14,153 - pednstream.ltm.network - INFO - Network initialized with 9 nodes and 20 links
2026-02-26 09:08:14,153 - pednstream.ltm.network - INFO - No OD flows provided, initializing with ones
2026-02-26 09:08:14,153 - pednstream.ltm.network - INFO - Controller node 2: Added 0 detour path(s) for OD (1, 6)
2026-02-26 09:08:14,154 - pednstream.ltm.network - INFO - Controller node 2: Added 0 detour path(s) for OD (0, 6)
2026-02-26 09:10:12,062 - pednstream.ltm.network - INFO - Network initialization started, assign flows type: classic
2026-02-26 09:10:12,062 - pednstream.ltm.network - INFO - Controller configuration: enabled: True, nodes: {2}, links: []
2026-02-26 09:10:12,064 - pednstream.ltm.network - INFO - Total demand of origin node 0: 9023
2026-02-26 09:10:12,064 - pednstream.ltm.network - INFO - Total demand of origin node 1: 34880
2026-02-26 09:10:12,065 - pednstream.ltm.network - INFO - Network initialized with 9 nodes and 20 links
2026-02-26 09:10:12,065 - pednstream.ltm.network - INFO - No OD flows provided, initializing with ones
2026-02-26 09:10:12,066 - pednstream.ltm.network - INFO - Controller node 2: Added 0 detour path(s) for OD (1, 6)
2026-02-26 09:10:12,066 - pednstream.ltm.network - INFO - Controller node 2: Added 0 detour path(s) for OD (0, 6)
2026-02-26 09:10:12,067 - pednstream.ltm.network - INFO - Network initialization started, assign flows type: classic
2026-02-26 09:10:12,068 - pednstream.ltm.network - INFO - Controller configuration: enabled: True, nodes: {2}, links: []
2026-02-26 09:10:12,068 - pednstream.ltm.network - INFO - Total demand of origin node 0: 9061
2026-02-26 09:10:12,068 - pednstream.ltm.network - INFO - Total demand of origin node 1: 34790
2026-02-26 09:10:12,068 - pednstream.ltm.network - INFO - Network initialized with 9 nodes and 20 links
2026-02-26 09:10:12,068 - pednstream.ltm.network - INFO - No OD flows provided, initializing with ones
2026-02-26 09:10:12,069 - pednstream.ltm.network - INFO - Controller node 2: Added 0 detour path(s) for OD (1, 6)
2026-02-26 09:10:12,069 - pednstream.ltm.network - INFO - Controller node 2: Added 0 detour path(s) for OD (0, 6)
2026-02-26 09:13:45,268 - pednstream.ltm.network - INFO - Network initialization started, assign flows type: classic
2026-02-26 09:13:45,269 - pednstream.ltm.network - INFO - Controller configuration: enabled: True, nodes: {2}, links: []
2026-02-26 09:13:45,270 - pednstream.ltm.network - INFO - Total demand of origin node 0: 9031
2026-02-26 09:13:45,271 - pednstream.ltm.network - INFO - Total demand of origin node 1: 34849
2026-02-26 09:13:45,271 - pednstream.ltm.network - INFO - Network initialized with 9 nodes and 20 links
2026-02-26 09:13:45,271 - pednstream.ltm.network - INFO - No OD flows provided, initializing with ones
2026-02-26 09:13:45,272 - pednstream.ltm.network - INFO - Controller node 2: Added 0 detour path(s) for OD (1, 6)
2026-02-26 09:13:45,273 - pednstream.ltm.network - INFO - Controller node 2: Added 0 detour path(s) for OD (0, 6)
2026-02-26 09:13:45,274 - pednstream.ltm.network - INFO - Network initialization started, assign flows type: classic
2026-02-26 09:13:45,274 - pednstream.ltm.network - INFO - Controller configuration: enabled: True, nodes: {2}, links: []
2026-02-26 09:13:45,274 - pednstream.ltm.network - INFO - Total demand of origin node 0: 9061
2026-02-26 09:13:45,274 - pednstream.ltm.network - INFO - Total demand of origin node 1: 34790
2026-02-26 09:13:45,275 - pednstream.ltm.network - INFO - Network initialized with 9 nodes and 20 links
2026-02-26 09:13:45,275 - pednstream.ltm.network - INFO - No OD flows provided, initializing with ones
2026-02-26 09:13:45,276 - pednstream.ltm.network - INFO - Controller node 2: Added 0 detour path(s) for OD (1, 6)
2026-02-26 09:13:45,276 - pednstream.ltm.network - INFO - Controller node 2: Added 0 detour path(s) for OD (0, 6)
2026-02-26 09:24:18,518 - pednstream.ltm.network - INFO - Network initialization started, assign flows type: classic
2026-02-26 09:24:18,519 - pednstream.ltm.network - INFO - Controller configuration: enabled: True, nodes: {2}, links: []
2026-02-26 09:24:18,520 - pednstream.ltm.network - INFO - Total demand of origin node 0: 8913
2026-02-26 09:24:18,521 - pednstream.ltm.network - INFO - Total demand of origin node 1: 35085
2026-02-26 09:24:18,521 - pednstream.ltm.network - INFO - Network initialized with 9 nodes and 20 links
2026-02-26 09:24:18,521 - pednstream.ltm.network - INFO - No OD flows provided, initializing with ones
2026-02-26 09:24:18,522 - pednstream.ltm.network - INFO - Controller node 2: Added 0 detour path(s) for OD (1, 6)
2026-02-26 09:24:18,523 - pednstream.ltm.network - INFO - Controller node 2: Added 0 detour path(s) for OD (0, 6)
2026-02-26 09:24:18,524 - pednstream.ltm.network - INFO - Network initialization started, assign flows type: classic
2026-02-26 09:24:18,524 - pednstream.ltm.network - INFO - Controller configuration: enabled: True, nodes: {2}, links: []
2026-02-26 09:24:18,524 - pednstream.ltm.network - INFO - Total demand of origin node 0: 9061
2026-02-26 09:24:18,524 - pednstream.ltm.network - INFO - Total demand of origin node 1: 34790
2026-02-26 09:24:18,525 - pednstream.ltm.network - INFO - Network initialized with 9 nodes and 20 links
2026-02-26 09:24:18,525 - pednstream.ltm.network - INFO - No OD flows provided, initializing with ones
2026-02-26 09:24:18,525 - pednstream.ltm.network - INFO - Controller node 2: Added 0 detour path(s) for OD (1, 6)
2026-02-26 09:24:18,526 - pednstream.ltm.network - INFO - Controller node 2: Added 0 detour path(s) for OD (0, 6)
2026-02-26 09:25:04,116 - pednstream.ltm.network - INFO - Network initialization started, assign flows type: classic
2026-02-26 09:25:04,116 - pednstream.ltm.network - INFO - Controller configuration: enabled: True, nodes: {2}, links: []
2026-02-26 09:25:04,118 - pednstream.ltm.network - INFO - Total demand of origin node 0: 9015
2026-02-26 09:25:04,118 - pednstream.ltm.network - INFO - Total demand of origin node 1: 35097
2026-02-26 09:25:04,119 - pednstream.ltm.network - INFO - Network initialized with 9 nodes and 20 links
2026-02-26 09:25:04,119 - pednstream.ltm.network - INFO - No OD flows provided, initializing with ones
2026-02-26 09:25:04,120 - pednstream.ltm.network - INFO - Controller node 2: Added 0 detour path(s) for OD (1, 6)
2026-02-26 09:25:04,120 - pednstream.ltm.network - INFO - Controller node 2: Added 0 detour path(s) for OD (0, 6)
2026-02-26 09:25:04,122 - pednstream.ltm.network - INFO - Network initialization started, assign flows type: classic
2026-02-26 09:25:04,122 - pednstream.ltm.network - INFO - Controller configuration: enabled: True, nodes: {2}, links: []
2026-02-26 09:25:04,122 - pednstream.ltm.network - INFO - Total demand of origin node 0: 9061
2026-02-26 09:25:04,122 - pednstream.ltm.network - INFO - Total demand of origin node 1: 34790
2026-02-26 09:25:04,123 - pednstream.ltm.network - INFO - Network initialized with 9 nodes and 20 links
2026-02-26 09:25:04,123 - pednstream.ltm.network - INFO - No OD flows provided, initializing with ones
2026-02-26 09:25:04,123 - pednstream.ltm.network - INFO - Controller node 2: Added 0 detour path(s) for OD (1, 6)
2026-02-26 09:25:04,124 - pednstream.ltm.network - INFO - Controller node 2: Added 0 detour path(s) for OD (0, 6)
2026-02-26 09:25:26,207 - pednstream.ltm.network - INFO - Network initialization started, assign flows type: classic
2026-02-26 09:25:26,208 - pednstream.ltm.network - INFO - Controller configuration: enabled: True, nodes: {2}, links: []
2026-02-26 09:25:26,209 - pednstream.ltm.network - INFO - Total demand of origin node 0: 9249
2026-02-26 09:25:26,210 - pednstream.ltm.network - INFO - Total demand of origin node 1: 35006
2026-02-26 09:25:26,211 - pednstream.ltm.network - INFO - Network initialized with 9 nodes and 20 links
2026-02-26 09:25:26,211 - pednstream.ltm.network - INFO - No OD flows provided, initializing with ones
2026-02-26 09:25:26,215 - pednstream.ltm.network - INFO - Controller node 2: Added 0 detour path(s) for OD (1, 6)
2026-02-26 09:25:26,217 - pednstream.ltm.network - INFO - Controller node 2: Added 0 detour path(s) for OD (0, 6)
2026-02-26 09:25:26,220 - pednstream.ltm.network - INFO - Network initialization started, assign flows type: classic
2026-02-26 09:25:26,220 - pednstream.ltm.network - INFO - Controller configuration: enabled: True, nodes: {2}, links: []
2026-02-26 09:25:26,220 - pednstream.ltm.network - INFO - Total demand of origin node 0: 9061
2026-02-26 09:25:26,220 - pednstream.ltm.network - INFO - Total demand of origin node 1: 34790
2026-02-26 09:25:26,221 - pednstream.ltm.network - INFO - Network initialized with 9 nodes and 20 links
2026-02-26 09:25:26,221 - pednstream.ltm.network - INFO - No OD flows provided, initializing with ones
2026-02-26 09:25:26,224 - pednstream.ltm.network - INFO - Controller node 2: Added 0 detour path(s) for OD (1, 6)
2026-02-26 09:25:26,226 - pednstream.ltm.network - INFO - Controller node 2: Added 0 detour path(s) for OD (0, 6)
2026-02-26 09:25:44,386 - pednstream.ltm.network - INFO - Network initialization started, assign flows type: classic
2026-02-26 09:25:44,386 - pednstream.ltm.network - INFO - Controller configuration: enabled: True, nodes: {2}, links: []
2026-02-26 09:25:44,388 - pednstream.ltm.network - INFO - Total demand of origin node 0: 9000
2026-02-26 09:25:44,389 - pednstream.ltm.network - INFO - Total demand of origin node 1: 35199
2026-02-26 09:25:44,389 - pednstream.ltm.network - INFO - Network initialized with 9 nodes and 20 links
2026-02-26 09:25:44,389 - pednstream.ltm.network - INFO - No OD flows provided, initializing with ones
2026-02-26 09:25:44,391 - pednstream.ltm.network - INFO - Controller node 2: Added 0 detour path(s) for OD (1, 6)
2026-02-26 09:25:44,391 - pednstream.ltm.network - INFO - Controller node 2: Added 0 detour path(s) for OD (0, 6)
2026-02-26 09:25:44,393 - pednstream.ltm.network - INFO - Network initialization started, assign flows type: classic
2026-02-26 09:25:44,393 - pednstream.ltm.network - INFO - Controller configuration: enabled: True, nodes: {2}, links: []
2026-02-26 09:25:44,393 - pednstream.ltm.network - INFO - Total demand of origin node 0: 9061
2026-02-26 09:25:44,393 - pednstream.ltm.network - INFO - Total demand of origin node 1: 34790
2026-02-26 09:25:44,394 - pednstream.ltm.network - INFO - Network initialized with 9 nodes and 20 links
2026-02-26 09:25:44,394 - pednstream.ltm.network - INFO - No OD flows provided, initializing with ones
2026-02-26 09:25:44,395 - pednstream.ltm.network - INFO - Controller node 2: Added 0 detour path(s) for OD (1, 6)
2026-02-26 09:25:44,395 - pednstream.ltm.network - INFO - Controller node 2: Added 0 detour path(s) for OD (0, 6)
2026-02-26 09:26:49,583 - pednstream.ltm.network - INFO - Network initialization started, assign flows type: classic
2026-02-26 09:26:49,584 - pednstream.ltm.network - INFO - Controller configuration: enabled: True, nodes: {2}, links: []
2026-02-26 09:26:49,585 - pednstream.ltm.network - INFO - Total demand of origin node 0: 8939
2026-02-26 09:26:49,586 - pednstream.ltm.network - INFO - Total demand of origin node 1: 35204
2026-02-26 09:26:49,586 - pednstream.ltm.network - INFO - Network initialized with 9 nodes and 20 links
2026-02-26 09:26:49,586 - pednstream.ltm.network - INFO - No OD flows provided, initializing with ones
2026-02-26 09:26:49,587 - pednstream.ltm.network - INFO - Controller node 2: Added 0 detour path(s) for OD (1, 6)
2026-02-26 09:26:49,588 - pednstream.ltm.network - INFO - Controller node 2: Added 0 detour path(s) for OD (0, 6)
2026-02-26 09:26:49,589 - pednstream.ltm.network - INFO - Network initialization started, assign flows type: classic
2026-02-26 09:26:49,589 - pednstream.ltm.network - INFO - Controller configuration: enabled: True, nodes: {2}, links: []
2026-02-26 09:26:49,590 - pednstream.ltm.network - INFO - Total demand of origin node 0: 9061
2026-02-26 09:26:49,590 - pednstream.ltm.network - INFO - Total demand of origin node 1: 34790
2026-02-26 09:26:49,590 - pednstream.ltm.network - INFO - Network initialized with 9 nodes and 20 links
2026-02-26 09:26:49,590 - pednstream.ltm.network - INFO - No OD flows provided, initializing with ones
2026-02-26 09:26:49,591 - pednstream.ltm.network - INFO - Controller node 2: Added 0 detour path(s) for OD (1, 6)
2026-02-26 09:26:49,592 - pednstream.ltm.network - INFO - Controller node 2: Added 0 detour path(s) for OD (0, 6)
2026-02-26 09:29:52,436 - pednstream.ltm.network - INFO - Network initialization started, assign flows type: classic
2026-02-26 09:29:52,436 - pednstream.ltm.network - INFO - Controller configuration: enabled: True, nodes: {2}, links: []
2026-02-26 09:29:52,438 - pednstream.ltm.network - INFO - Total demand of origin node 0: 8894
2026-02-26 09:29:52,438 - pednstream.ltm.network - INFO - Total demand of origin node 1: 35135
2026-02-26 09:29:52,439 - pednstream.ltm.network - INFO - Network initialized with 9 nodes and 20 links
2026-02-26 09:29:52,439 - pednstream.ltm.network - INFO - No OD flows provided, initializing with ones
2026-02-26 09:29:52,440 - pednstream.ltm.network - INFO - Controller node 2: Added 0 detour path(s) for OD (1, 6)
2026-02-26 09:29:52,441 - pednstream.ltm.network - INFO - Controller node 2: Added 0 detour path(s) for OD (0, 6)
2026-02-26 09:29:52,442 - pednstream.ltm.network - INFO - Network initialization started, assign flows type: classic
2026-02-26 09:29:52,442 - pednstream.ltm.network - INFO - Controller configuration: enabled: True, nodes: {2}, links: []
2026-02-26 09:29:52,442 - pednstream.ltm.network - INFO - Total demand of origin node 0: 9061
2026-02-26 09:29:52,442 - pednstream.ltm.network - INFO - Total demand of origin node 1: 34790
2026-02-26 09:29:52,443 - pednstream.ltm.network - INFO - Network initialized with 9 nodes and 20 links
2026-02-26 09:29:52,443 - pednstream.ltm.network - INFO - No OD flows provided, initializing with ones
2026-02-26 09:29:52,443 - pednstream.ltm.network - INFO - Controller node 2: Added 0 detour path(s) for OD (1, 6)
2026-02-26 09:29:52,444 - pednstream.ltm.network - INFO - Controller node 2: Added 0 detour path(s) for OD (0, 6)
2026-02-26 09:45:27,764 - pednstream.ltm.network - INFO - Network initialization started, assign flows type: classic
2026-02-26 09:45:27,765 - pednstream.ltm.network - INFO - Controller configuration: enabled: True, nodes: {2}, links: []
2026-02-26 09:45:27,765 - pednstream.ltm.network - INFO - Total demand of origin node 0: 8965
2026-02-26 09:45:27,765 - pednstream.ltm.network - INFO - Total demand of origin node 1: 35070
2026-02-26 09:45:27,766 - pednstream.ltm.network - INFO - Network initialized with 9 nodes and 20 links
2026-02-26 09:45:27,766 - pednstream.ltm.network - INFO - No OD flows provided, initializing with ones
2026-02-26 09:45:27,767 - pednstream.ltm.network - INFO - Controller node 2: Added 0 detour path(s) for OD (1, 6)
2026-02-26 09:45:27,768 - pednstream.ltm.network - INFO - Controller node 2: Added 0 detour path(s) for OD (0, 6)
2026-02-26 09:45:27,768 - pednstream.ltm.network - INFO - Network initialization started, assign flows type: classic
2026-02-26 09:45:27,768 - pednstream.ltm.network - INFO - Controller configuration: enabled: True, nodes: {2}, links: []
2026-02-26 09:45:27,768 - pednstream.ltm.network - INFO - Total demand of origin node 0: 9061
2026-02-26 09:45:27,769 - pednstream.ltm.network - INFO - Total demand of origin node 1: 34790
2026-02-26 09:45:27,769 - pednstream.ltm.network - INFO - Network initialized with 9 nodes and 20 links
2026-02-26 09:45:27,769 - pednstream.ltm.network - INFO - No OD flows provided, initializing with ones
2026-02-26 09:45:27,770 - pednstream.ltm.network - INFO - Controller node 2: Added 0 detour path(s) for OD (1, 6)
2026-02-26 09:45:27,770 - pednstream.ltm.network - INFO - Controller node 2: Added 0 detour path(s) for OD (0, 6)
2026-02-26 09:47:39,777 - pednstream.ltm.network - INFO - Network initialization started, assign flows type: classic
2026-02-26 09:47:39,778 - pednstream.ltm.network - INFO - Controller configuration: enabled: True, nodes: {2}, links: []
2026-02-26 09:47:39,778 - pednstream.ltm.network - INFO - Total demand of origin node 0: 8855
2026-02-26 09:47:39,778 - pednstream.ltm.network - INFO - Total demand of origin node 1: 35040
2026-02-26 09:47:39,779 - pednstream.ltm.network - INFO - Network initialized with 9 nodes and 20 links
2026-02-26 09:47:39,779 - pednstream.ltm.network - INFO - No OD flows provided, initializing with ones
2026-02-26 09:47:39,780 - pednstream.ltm.network - INFO - Controller node 2: Added 0 detour path(s) for OD (1, 6)
2026-02-26 09:47:39,781 - pednstream.ltm.network - INFO - Controller node 2: Added 0 detour path(s) for OD (0, 6)
2026-02-26 09:47:39,781 - pednstream.ltm.network - INFO - Network initialization started, assign flows type: classic
2026-02-26 09:47:39,781 - pednstream.ltm.network - INFO - Controller configuration: enabled: True, nodes: {2}, links: []
2026-02-26 09:47:39,782 - pednstream.ltm.network - INFO - Total demand of origin node 0: 9061
2026-02-26 09:47:39,782 - pednstream.ltm.network - INFO - Total demand of origin node 1: 34790
2026-02-26 09:47:39,782 - pednstream.ltm.network - INFO - Network initialized with 9 nodes and 20 links
2026-02-26 09:47:39,782 - pednstream.ltm.network - INFO - No OD flows provided, initializing with ones
2026-02-26 09:47:39,783 - pednstream.ltm.network - INFO - Controller node 2: Added 0 detour path(s) for OD (1, 6)
2026-02-26 09:47:39,783 - pednstream.ltm.network - INFO - Controller node 2: Added 0 detour path(s) for OD (0, 6)
2026-02-26 09:49:59,577 - pednstream.ltm.network - INFO - Network initialization started, assign flows type: classic
2026-02-26 09:49:59,577 - pednstream.ltm.network - INFO - Controller configuration: enabled: True, nodes: {2}, links: []
2026-02-26 09:49:59,577 - pednstream.ltm.network - INFO - Total demand of origin node 0: 8922
2026-02-26 09:49:59,577 - pednstream.ltm.network - INFO - Total demand of origin node 1: 35116
2026-02-26 09:49:59,578 - pednstream.ltm.network - INFO - Network initialized with 9 nodes and 20 links
2026-02-26 09:49:59,578 - pednstream.ltm.network - INFO - No OD flows provided, initializing with ones
2026-02-26 09:49:59,579 - pednstream.ltm.network - INFO - Controller node 2: Added 0 detour path(s) for OD (1, 6)
2026-02-26 09:49:59,580 - pednstream.ltm.network - INFO - Controller node 2: Added 0 detour path(s) for OD (0, 6)
2026-02-26 09:49:59,581 - pednstream.ltm.network - INFO - Network initialization started, assign flows type: classic
2026-02-26 09:49:59,581 - pednstream.ltm.network - INFO - Controller configuration: enabled: True, nodes: {2}, links: []
2026-02-26 09:49:59,581 - pednstream.ltm.network - INFO - Total demand of origin node 0: 9061
2026-02-26 09:49:59,581 - pednstream.ltm.network - INFO - Total demand of origin node 1: 34790
2026-02-26 09:49:59,582 - pednstream.ltm.network - INFO - Network initialized with 9 nodes and 20 links
2026-02-26 09:49:59,582 - pednstream.ltm.network - INFO - No OD flows provided, initializing with ones
2026-02-26 09:49:59,583 - pednstream.ltm.network - INFO - Controller node 2: Added 0 detour path(s) for OD (1, 6)
2026-02-26 09:49:59,583 - pednstream.ltm.network - INFO - Controller node 2: Added 0 detour path(s) for OD (0, 6)
2026-02-26 09:50:55,472 - pednstream.ltm.network - INFO - Network initialization started, assign flows type: classic
2026-02-26 09:50:55,472 - pednstream.ltm.network - INFO - Controller configuration: enabled: True, nodes: {2}, links: []
2026-02-26 09:50:55,473 - pednstream.ltm.network - INFO - Total demand of origin node 0: 9064
2026-02-26 09:50:55,473 - pednstream.ltm.network - INFO - Total demand of origin node 1: 35249
2026-02-26 09:50:55,474 - pednstream.ltm.network - INFO - Network initialized with 9 nodes and 20 links
2026-02-26 09:50:55,474 - pednstream.ltm.network - INFO - No OD flows provided, initializing with ones
2026-02-26 09:50:55,475 - pednstream.ltm.network - INFO - Controller node 2: Added 0 detour path(s) for OD (1, 6)
2026-02-26 09:50:55,475 - pednstream.ltm.network - INFO - Controller node 2: Added 0 detour path(s) for OD (0, 6)
2026-02-26 09:50:55,476 - pednstream.ltm.network - INFO - Network initialization started, assign flows type: classic
2026-02-26 09:50:55,476 - pednstream.ltm.network - INFO - Controller configuration: enabled: True, nodes: {2}, links: []
2026-02-26 09:50:55,476 - pednstream.ltm.network - INFO - Total demand of origin node 0: 9061
2026-02-26 09:50:55,476 - pednstream.ltm.network - INFO - Total demand of origin node 1: 34790
2026-02-26 09:50:55,477 - pednstream.ltm.network - INFO - Network initialized with 9 nodes and 20 links
2026-02-26 09:50:55,477 - pednstream.ltm.network - INFO - No OD flows provided, initializing with ones
2026-02-26 09:50:55,477 - pednstream.ltm.network - INFO - Controller node 2: Added 0 detour path(s) for OD (1, 6)
2026-02-26 09:50:55,478 - pednstream.ltm.network - INFO - Controller node 2: Added 0 detour path(s) for OD (0, 6)
2026-02-26 09:52:28,853 - pednstream.ltm.network - INFO - Network initialization started, assign flows type: classic
2026-02-26 09:52:28,853 - pednstream.ltm.network - INFO - Controller configuration: enabled: True, nodes: {2}, links: []
2026-02-26 09:52:28,854 - pednstream.ltm.network - INFO - Total demand of origin node 0: 8970
2026-02-26 09:52:28,854 - pednstream.ltm.network - INFO - Total demand of origin node 1: 35430
2026-02-26 09:52:28,855 - pednstream.ltm.network - INFO - Network initialized with 9 nodes and 20 links
2026-02-26 09:52:28,855 - pednstream.ltm.network - INFO - No OD flows provided, initializing with ones
2026-02-26 09:52:28,856 - pednstream.ltm.network - INFO - Controller node 2: Added 0 detour path(s) for OD (1, 6)
2026-02-26 09:52:28,856 - pednstream.ltm.network - INFO - Controller node 2: Added 0 detour path(s) for OD (0, 6)
2026-02-26 09:52:28,857 - pednstream.ltm.network - INFO - Network initialization started, assign flows type: classic
2026-02-26 09:52:28,857 - pednstream.ltm.network - INFO - Controller configuration: enabled: True, nodes: {2}, links: []
2026-02-26 09:52:28,857 - pednstream.ltm.network - INFO - Total demand of origin node 0: 9061
2026-02-26 09:52:28,858 - pednstream.ltm.network - INFO - Total demand of origin node 1: 34790
2026-02-26 09:52:28,858 - pednstream.ltm.network - INFO - Network initialized with 9 nodes and 20 links
2026-02-26 09:52:28,858 - pednstream.ltm.network - INFO - No OD flows provided, initializing with ones
2026-02-26 09:52:28,859 - pednstream.ltm.network - INFO - Controller node 2: Added 0 detour path(s) for OD (1, 6)
2026-02-26 09:52:28,859 - pednstream.ltm.network - INFO - Controller node 2: Added 0 detour path(s) for OD (0, 6)
2026-02-26 09:53:43,049 - pednstream.ltm.network - INFO - Network initialization started, assign flows type: classic
2026-02-26 09:53:43,049 - pednstream.ltm.network - INFO - Controller configuration: enabled: True, nodes: {2}, links: []
2026-02-26 09:53:43,050 - pednstream.ltm.network - INFO - Total demand of origin node 0: 8900
2026-02-26 09:53:43,051 - pednstream.ltm.network - INFO - Total demand of origin node 1: 35289
2026-02-26 09:53:43,051 - pednstream.ltm.network - INFO - Network initialized with 9 nodes and 20 links
2026-02-26 09:53:43,051 - pednstream.ltm.network - INFO - No OD flows provided, initializing with ones
2026-02-26 09:53:43,053 - pednstream.ltm.network - INFO - Controller node 2: Added 0 detour path(s) for OD (1, 6)
2026-02-26 09:53:43,053 - pednstream.ltm.network - INFO - Controller node 2: Added 0 detour path(s) for OD (0, 6)
2026-02-26 09:53:43,054 - pednstream.ltm.network - INFO - Network initialization started, assign flows type: classic
2026-02-26 09:53:43,054 - pednstream.ltm.network - INFO - Controller configuration: enabled: True, nodes: {2}, links: []
2026-02-26 09:53:43,054 - pednstream.ltm.network - INFO - Total demand of origin node 0: 9061
2026-02-26 09:53:43,055 - pednstream.ltm.network - INFO - Total demand of origin node 1: 34790
2026-02-26 09:53:43,055 - pednstream.ltm.network - INFO - Network initialized with 9 nodes and 20 links
2026-02-26 09:53:43,055 - pednstream.ltm.network - INFO - No OD flows provided, initializing with ones
2026-02-26 09:53:43,056 - pednstream.ltm.network - INFO - Controller node 2: Added 0 detour path(s) for OD (1, 6)
2026-02-26 09:53:43,056 - pednstream.ltm.network - INFO - Controller node 2: Added 0 detour path(s) for OD (0, 6)
2026-02-26 10:08:00,292 - pednstream.ltm.network - INFO - Network initialization started, assign flows type: classic
2026-02-26 10:08:00,292 - pednstream.ltm.network - INFO - Controller configuration: enabled: True, nodes: {2}, links: []
2026-02-26 10:08:00,294 - pednstream.ltm.network - INFO - Total demand of origin node 0: 8958
2026-02-26 10:08:00,294 - pednstream.ltm.network - INFO - Total demand of origin node 1: 35258
2026-02-26 10:08:00,295 - pednstream.ltm.network - INFO - Network initialized with 9 nodes and 20 links
2026-02-26 10:08:00,295 - pednstream.ltm.network - INFO - No OD flows provided, initializing with ones
2026-02-26 10:08:00,296 - pednstream.ltm.network - INFO - Controller node 2: Added 0 detour path(s) for OD (1, 6)
2026-02-26 10:08:00,296 - pednstream.ltm.network - INFO - Controller node 2: Added 0 detour path(s) for OD (0, 6)
2026-02-26 10:08:00,298 - pednstream.ltm.network - INFO - Network initialization started, assign flows type: classic
2026-02-26 10:08:00,298 - pednstream.ltm.network - INFO - Controller configuration: enabled: True, nodes: {2}, links: []
2026-02-26 10:08:00,298 - pednstream.ltm.network - INFO - Total demand of origin node 0: 9061
2026-02-26 10:08:00,298 - pednstream.ltm.network - INFO - Total demand of origin node 1: 34790
2026-02-26 10:08:00,298 - pednstream.ltm.network - INFO - Network initialized with 9 nodes and 20 links
2026-02-26 10:08:00,298 - pednstream.ltm.network - INFO - No OD flows provided, initializing with ones
2026-02-26 10:08:00,299 - pednstream.ltm.network - INFO - Controller node 2: Added 0 detour path(s) for OD (1, 6)
2026-02-26 10:08:00,300 - pednstream.ltm.network - INFO - Controller node 2: Added 0 detour path(s) for OD (0, 6)
2026-02-26 10:08:29,101 - pednstream.ltm.network - INFO - Network initialization started, assign flows type: classic
2026-02-26 10:08:29,101 - pednstream.ltm.network - INFO - Controller configuration: enabled: True, nodes: {2}, links: []
2026-02-26 10:08:29,102 - pednstream.ltm.network - INFO - Total demand of origin node 0: 8995
2026-02-26 10:08:29,102 - pednstream.ltm.network - INFO - Total demand of origin node 1: 35448
2026-02-26 10:08:29,103 - pednstream.ltm.network - INFO - Network initialized with 9 nodes and 20 links
2026-02-26 10:08:29,103 - pednstream.ltm.network - INFO - No OD flows provided, initializing with ones
2026-02-26 10:08:29,104 - pednstream.ltm.network - INFO - Controller node 2: Added 0 detour path(s) for OD (1, 6)
2026-02-26 10:08:29,105 - pednstream.ltm.network - INFO - Controller node 2: Added 0 detour path(s) for OD (0, 6)
2026-02-26 10:08:29,106 - pednstream.ltm.network - INFO - Network initialization started, assign flows type: classic
2026-02-26 10:08:29,106 - pednstream.ltm.network - INFO - Controller configuration: enabled: True, nodes: {2}, links: []
2026-02-26 10:08:29,106 - pednstream.ltm.network - INFO - Total demand of origin node 0: 9061
2026-02-26 10:08:29,106 - pednstream.ltm.network - INFO - Total demand of origin node 1: 34790
2026-02-26 10:08:29,107 - pednstream.ltm.network - INFO - Network initialized with 9 nodes and 20 links
2026-02-26 10:08:29,107 - pednstream.ltm.network - INFO - No OD flows provided, initializing with ones
2026-02-26 10:08:29,107 - pednstream.ltm.network - INFO - Controller node 2: Added 0 detour path(s) for OD (1, 6)
2026-02-26 10:08:29,108 - pednstream.ltm.network - INFO - Controller node 2: Added 0 detour path(s) for OD (0, 6)
2026-02-26 10:08:46,279 - pednstream.ltm.network - INFO - Network initialization started, assign flows type: classic
2026-02-26 10:08:46,279 - pednstream.ltm.network - INFO - Controller configuration: enabled: True, nodes: {2}, links: []
2026-02-26 10:08:46,279 - pednstream.ltm.network - INFO - Total demand of origin node 0: 8914
2026-02-26 10:08:46,279 - pednstream.ltm.network - INFO - Total demand of origin node 1: 34785
2026-02-26 10:08:46,280 - pednstream.ltm.network - INFO - Network initialized with 9 nodes and 20 links
2026-02-26 10:08:46,280 - pednstream.ltm.network - INFO - No OD flows provided, initializing with ones
2026-02-26 10:08:46,281 - pednstream.ltm.network - INFO - Controller node 2: Added 0 detour path(s) for OD (1, 6)
2026-02-26 10:08:46,281 - pednstream.ltm.network - INFO - Controller node 2: Added 0 detour path(s) for OD (0, 6)
2026-02-26 10:08:46,282 - pednstream.ltm.network - INFO - Network initialization started, assign flows type: classic
2026-02-26 10:08:46,282 - pednstream.ltm.network - INFO - Controller configuration: enabled: True, nodes: {2}, links: []
2026-02-26 10:08:46,282 - pednstream.ltm.network - INFO - Total demand of origin node 0: 9061
2026-02-26 10:08:46,283 - pednstream.ltm.network - INFO - Total demand of origin node 1: 34790
2026-02-26 10:08:46,283 - pednstream.ltm.network - INFO - Network initialized with 9 nodes and 20 links
2026-02-26 10:08:46,283 - pednstream.ltm.network - INFO - No OD flows provided, initializing with ones
2026-02-26 10:08:46,284 - pednstream.ltm.network - INFO - Controller node 2: Added 0 detour path(s) for OD (1, 6)
2026-02-26 10:08:46,284 - pednstream.ltm.network - INFO - Controller node 2: Added 0 detour path(s) for OD (0, 6)
2026-02-26 10:09:03,882 - pednstream.ltm.network - INFO - Network initialization started, assign flows type: classic
2026-02-26 10:09:03,883 - pednstream.ltm.network - INFO - Controller configuration: enabled: True, nodes: {2}, links: []
2026-02-26 10:09:03,883 - pednstream.ltm.network - INFO - Total demand of origin node 0: 9087
2026-02-26 10:09:03,883 - pednstream.ltm.network - INFO - Total demand of origin node 1: 35294
2026-02-26 10:09:03,884 - pednstream.ltm.network - INFO - Network initialized with 9 nodes and 20 links
2026-02-26 10:09:03,884 - pednstream.ltm.network - INFO - No OD flows provided, initializing with ones
2026-02-26 10:09:03,885 - pednstream.ltm.network - INFO - Controller node 2: Added 0 detour path(s) for OD (1, 6)
2026-02-26 10:09:03,885 - pednstream.ltm.network - INFO - Controller node 2: Added 0 detour path(s) for OD (0, 6)
2026-02-26 10:09:03,886 - pednstream.ltm.network - INFO - Network initialization started, assign flows type: classic
2026-02-26 10:09:03,886 - pednstream.ltm.network - INFO - Controller configuration: enabled: True, nodes: {2}, links: []
2026-02-26 10:09:03,886 - pednstream.ltm.network - INFO - Total demand of origin node 0: 9061
2026-02-26 10:09:03,887 - pednstream.ltm.network - INFO - Total demand of origin node 1: 34790
2026-02-26 10:09:03,888 - pednstream.ltm.network - INFO - Network initialized with 9 nodes and 20 links
2026-02-26 10:09:03,888 - pednstream.ltm.network - INFO - No OD flows provided, initializing with ones
2026-02-26 10:09:03,888 - pednstream.ltm.network - INFO - Controller node 2: Added 0 detour path(s) for OD (1, 6)
2026-02-26 10:09:03,889 - pednstream.ltm.network - INFO - Controller node 2: Added 0 detour path(s) for OD (0, 6)
