{"val_agent_gate_2_return":-606495.9375,"episode":100,"total_normalized_return":-4.172640342901815,"_step":104,"val_return_std":127150.78125,"val_avg_return":-606495.9375,"_timestamp":1.769787696037577e+09,"avg_true_return":-921504.4375,"_runtime":609,"episode_steps":600,"val_episode":100,"_wandb":{"runtime":609},"agent_gate_2_true_return":-921504.4375,"avg_normalized_return":-4.172640342901815,"total_true_return":-921504.4375,"agent_gate_2_normalized_return":-4.172640342901815}