{"agent_gate_2_true_return":-2.94677216e+08,"episode":100,"_wandb":{"runtime":435},"_runtime":435,"_step":99,"avg_true_return":-2.94677216e+08,"episode_steps":600,"avg_normalized_return":-0.7784453299874736,"_timestamp":1.769701825263084e+09,"total_true_return":-2.94677216e+08,"total_normalized_return":-0.7784453299874736,"agent_gate_2_normalized_return":-0.7784453299874736}