{"episode":300,"val_avg_return":-3.56779776e+09,"total_true_return":-2.75755392e+09,"_wandb":{"runtime":4499},"_step":329,"avg_normalized_return":-0.008127981020189756,"val_episode":300,"agent_gate_2_true_return":-2.75755392e+09,"agent_gate_2_normalized_return":-0.008127981020189756,"episode_steps":600,"total_normalized_return":-0.008127981020189756,"avg_true_return":-2.75755392e+09,"_timestamp":1.769713257053984e+09,"val_agent_gate_2_return":-3.56779776e+09,"val_return_std":2.44481824e+08,"_runtime":4499}