{"episode_steps":600,"total_true_return":-1.26708525e+06,"episode":200,"_runtime":2144,"_wandb":{"runtime":2144},"avg_true_return":-1.26708525e+06,"total_normalized_return":-3.0863430204372397,"agent_gate_2_true_return":-1.26708525e+06,"agent_gate_2_normalized_return":-3.0863430204372397,"val_avg_return":-864400.8125,"val_episode":200,"avg_normalized_return":-3.0863430204372397,"val_return_std":156706.46875,"val_agent_gate_2_return":-864400.8125,"_timestamp":1.769812679601953e+09,"_step":209}