{"_wandb":{"runtime":174},"val_avg_return":-75112.390625,"episode":50,"episode_steps":600,"avg_normalized_return":-8.969246507625632,"_timestamp":1.769695197529871e+09,"agent_gate_2_normalized_return":-8.969246507625632,"agent_gate_2_true_return":-104651.7734375,"total_normalized_return":-8.969246507625632,"val_return_std":41495.5703125,"avg_true_return":-104651.7734375,"total_true_return":-104651.7734375,"val_episode":50,"_runtime":174,"_step":54,"val_agent_gate_2_return":-75112.390625}