{"episode_steps":600,"agent_gate_2_normalized_return":-6.837767886545761e-05,"total_true_return":-16600.0546875,"val_avg_return":-27259.90625,"val_return_std":8514.2822265625,"val_episode":100,"_wandb":{"runtime":286},"val_agent_gate_2_return":-27259.90625,"_runtime":286,"agent_gate_2_true_return":-16600.0546875,"total_normalized_return":-6.837767886545761e-05,"_timestamp":1.769700097236918e+09,"episode":100,"_step":109,"avg_true_return":-16600.0546875,"avg_normalized_return":-6.837767886545761e-05}