{"_runtime":441,"agent_gate_2_normalized_return":-2.278724147607384,"total_true_return":-327273.84375,"_step":164,"avg_true_return":-327273.84375,"episode_steps":600,"val_episode":150,"episode":150,"_wandb":{"runtime":441},"val_avg_return":-729163.6875,"agent_gate_2_true_return":-327273.84375,"_timestamp":1.76977036494703e+09,"val_agent_gate_2_return":-729163.6875,"avg_normalized_return":-2.278724147607384,"val_return_std":164388.34375,"total_normalized_return":-2.278724147607384}