{"_step":104,"_runtime":285,"avg_normalized_return":-5.920900372935205,"avg_true_return":-667489.9375,"total_normalized_return":-5.920900372935205,"episode":100,"total_true_return":-667489.9375,"val_return_std":108766.5859375,"val_agent_gate_2_return":-712115.5,"episode_steps":600,"val_episode":100,"_wandb":{"runtime":285},"_timestamp":1.7697817413461251e+09,"val_avg_return":-712115.5,"agent_gate_2_normalized_return":-5.920900372935205,"agent_gate_2_true_return":-667489.9375}