{"episode_steps":600,"_step":109,"agent_gate_2_normalized_return":-0.006648692378264609,"val_return_std":5.2941768e+07,"val_agent_gate_2_return":-1.9533392e+07,"avg_normalized_return":-0.006648692378264609,"_wandb":{"runtime":405},"_runtime":405,"agent_gate_2_true_return":-1.1051495e+07,"avg_true_return":-1.1051495e+07,"total_true_return":-1.1051495e+07,"_timestamp":1.769721650383273e+09,"total_normalized_return":-0.006648692378264609,"val_episode":100,"val_avg_return":-1.9533392e+07,"episode":100}