{"total_normalized_return":-6.8848204045099735,"episode_steps":600,"episode":100,"avg_normalized_return":-6.8848204045099735,"agent_gate_2_normalized_return":-6.8848204045099735,"val_agent_gate_2_return":-602797.4375,"val_avg_return":-602797.4375,"_step":104,"_runtime":373,"avg_true_return":-776560.8125,"val_episode":100,"val_return_std":159540.015625,"_wandb":{"runtime":373},"total_true_return":-776560.8125,"agent_gate_2_true_return":-776560.8125,"_timestamp":1.769778579428769e+09}