{"avg_true_return":-1.198691625e+06,"_runtime":609,"agent_gate_2_true_return":-1.198691625e+06,"_wandb":{"runtime":609},"val_avg_return":-742501.125,"_timestamp":1.769786246949735e+09,"total_true_return":-1.198691625e+06,"val_agent_gate_2_return":-742501.125,"val_return_std":191509.921875,"avg_normalized_return":-4.755776763405643,"episode_steps":600,"total_normalized_return":-4.755776763405643,"episode":200,"agent_gate_2_normalized_return":-4.755776763405643,"_step":209,"val_episode":200}