{"val_episode":100,"_step":104,"_runtime":412,"avg_true_return":-11990.994140625,"agent_gate_2_true_return":-11990.994140625,"agent_gate_2_normalized_return":-15.645169429816661,"episode_steps":600,"_timestamp":1.769780181153019e+09,"episode":100,"val_avg_return":-9448.0673828125,"avg_normalized_return":-15.645169429816661,"val_agent_gate_2_return":-9448.0673828125,"val_return_std":2815.935546875,"total_true_return":-11990.994140625,"_wandb":{"runtime":412},"total_normalized_return":-15.645169429816661}