{"episode":100,"val_avg_return":-193.23379516601562,"total_true_return":-185.5987091064453,"agent_gate_2_normalized_return":-0.08401078403306389,"_step":109,"_wandb":{"runtime":326},"val_episode":100,"episode_steps":600,"_timestamp":1.769689224407617e+09,"avg_true_return":-185.5987091064453,"val_agent_gate_2_return":-193.23379516601562,"avg_normalized_return":-0.08401078403306389,"_runtime":326,"agent_gate_2_true_return":-185.5987091064453,"val_return_std":13.432745933532715,"total_normalized_return":-0.08401078403306389}