{"total_true_return":-966724.6875,"agent_gate_2_true_return":-966724.6875,"_timestamp":1.7697911365119371e+09,"_runtime":321,"total_normalized_return":-4.580240882858831,"_step":104,"_wandb":{"runtime":321},"val_agent_gate_2_return":-1.066628e+06,"avg_normalized_return":-4.580240882858831,"val_episode":100,"avg_true_return":-966724.6875,"val_return_std":360551.3125,"agent_gate_2_normalized_return":-4.580240882858831,"episode":100,"episode_steps":600,"val_avg_return":-1.066628e+06}