{"_timestamp":1.769780582552784e+09,"val_avg_return":-16002.171875,"episode":100,"avg_true_return":-24.53412628173828,"episode_steps":600,"avg_normalized_return":-0.01295142830417232,"_wandb":{"runtime":295},"agent_gate_2_normalized_return":-0.01295142830417232,"val_agent_gate_2_return":-16002.171875,"val_return_std":8708.2685546875,"_runtime":295,"val_episode":100,"_step":104,"agent_gate_2_true_return":-24.53412628173828,"total_normalized_return":-0.01295142830417232,"total_true_return":-24.53412628173828}