{"val_episode":100,"total_true_return":-2905.034912109375,"_step":109,"agent_gate_2_normalized_return":-19.091481161371576,"episode_steps":600,"agent_gate_2_true_return":-2905.034912109375,"episode":100,"val_return_std":153.6578369140625,"avg_normalized_return":-19.091481161371576,"val_agent_gate_2_return":-2357.883544921875,"_runtime":342,"_timestamp":1.7696980778232791e+09,"_wandb":{"runtime":342},"total_normalized_return":-19.091481161371576,"avg_true_return":-2905.034912109375,"val_avg_return":-2357.883544921875}