{"val_avg_return":-5.1701375e+06,"_wandb":{"runtime":503},"_timestamp":1.769783599908756e+09,"_step":209,"avg_true_return":-2.3223405e+06,"val_return_std":549899.25,"avg_normalized_return":-0.0017486528031698736,"val_agent_gate_2_return":-5.1701375e+06,"episode_steps":600,"_runtime":503,"total_true_return":-2.3223405e+06,"episode":200,"agent_gate_2_normalized_return":-0.0017486528031698736,"agent_gate_2_true_return":-2.3223405e+06,"total_normalized_return":-0.0017486528031698736,"val_episode":200}