{"episode_steps":600,"_wandb":{"runtime":365},"agent_gate_2_true_return":-850038.6875,"avg_true_return":-850038.6875,"episode":100,"val_return_std":95528.3671875,"total_true_return":-850038.6875,"_step":109,"_timestamp":1.769727969908758e+09,"val_agent_gate_2_return":-812881.875,"agent_gate_2_normalized_return":-3.6633125801314756,"_runtime":365,"avg_normalized_return":-3.6633125801314756,"total_normalized_return":-3.6633125801314756,"val_avg_return":-812881.875,"val_episode":100}