{"0": [4.36062, 52.0146314], "1": [4.3609659, 52.0147742], "2": [4.3597874, 52.0142742], "3": [4.3600929, 52.0150657], "4": [4.3610455, 52.0141475], "5": [4.3621807, 52.0124203], "6": [4.3615672, 52.0121652], "7": [4.3634281, 52.0103243], "8": [4.3628081, 52.0107879], "9": [4.3640979, 52.0106178], "10": [4.3584888, 52.010418], "11": [4.358161, 52.0108207], "12": [4.3599928, 52.0109601], "13": [4.3670112, 52.0104083], "14": [4.3668231, 52.0105798], "15": [4.368024, 52.0108508], "16": [4.3643008, 52.0107069], "17": [4.3644005, 52.0103516], "18": [4.3622447, 52.010707], "19": [4.3618349, 52.0105198], "20": [4.3614462, 52.0112294], "21": [4.3626525, 52.0108876], "22": [4.3655525, 52.0105817], "23": [4.3653661, 52.0107552], "24": [4.3665418, 52.0108317], "25": [4.3669941, 52.0110473], "26": [4.3657045, 52.0104679], "27": [4.35672, 52.0108345], "28": [4.3577157, 52.0111592], "29": [4.356461, 52.011228], "30": [4.3568705, 52.0106541], "31": [4.3596105, 52.0113612], "32": [4.360217, 52.010695], "33": [4.361049, 52.0110491], "34": [4.3603992, 52.0107692], "35": [4.3603424, 52.0116625], "36": [4.3562219, 52.0111433], "37": [4.3563515, 52.0109932], "38": [4.355365, 52.0121334], "39": [4.3635207, 52.0111177], "40": [4.3640487, 52.011363], "41": [4.3633884, 52.0112231], "42": [4.3618344, 52.0115068], "43": [4.3646569, 52.0117988], "44": [4.3630845, 52.011458], "45": [4.365772, 52.0113847], "46": [4.3660908, 52.0112774], "47": [4.3648517, 52.011736], "48": [4.3653938, 52.0112014], "49": [4.3611645, 52.0116393], "50": [4.3608879, 52.0118816], "51": [4.3552554, 52.0122699], "52": [4.3555884, 52.0122046], "53": [4.3581572, 52.0120983], "54": [4.3583322, 52.011892], "55": [4.3580333, 52.0122188], "56": [4.3574579, 52.01185], "57": [4.3672638, 52.012132], "58": [4.3669227, 52.0119444], "59": [4.3673585, 52.0121604], "60": [4.3687291, 52.0121113], "61": [4.3686728, 52.0121932], "62": [4.3551153, 52.0124727], "63": [4.3545511, 52.0119773], "64": [4.3566382, 52.0125614], "65": [4.3552923, 52.0125035], "66": [4.3575298, 52.0126908], "67": [4.3598002, 52.0129832], "68": [4.3659136, 52.0123124], "69": [4.3656781, 52.0124904], "70": [4.3662609, 52.0124798], "71": [4.3657026, 52.0122137], "72": [4.3573745, 52.0126291], "73": [4.368393, 52.0126005], "74": [4.3687508, 52.0127546], "75": [4.3680426, 52.0131219], "76": [4.3678897, 52.0123503], "77": [4.3550109, 52.0127074], "78": [4.3540634, 52.013937], "79": [4.3552306, 52.0127585], "80": [4.3536001, 52.0122336], "81": [4.3573774, 52.0128335], "82": [4.3612225, 52.0127464], "83": [4.360834, 52.0128522], "84": [4.3614969, 52.0126877], "85": [4.3599149, 52.0121828], "86": [4.3671941, 52.0127624], "87": [4.3584313, 52.0132153], "88": [4.3568515, 52.0126531], "89": [4.3658149, 52.0129776], "90": [4.3640275, 52.01216], "91": [4.3604302, 52.0127611], "92": [4.358821, 52.0133698], "93": [4.3667144, 52.0130249], "94": [4.3670037, 52.0128589], "95": [4.3661269, 52.0133694], "96": [4.3677449, 52.0135149], "97": [4.368389, 52.0132712], "98": [4.3580408, 52.0136585], "99": [4.3581388, 52.0139005], "100": [4.3589707, 52.0134568], "101": [4.358345, 52.0139832], "102": [4.3592978, 52.013362], "103": [4.3664565, 52.013521], "104": [4.3670988, 52.0143419], "105": [4.3642165, 52.0134708], "106": [4.3644227, 52.0135624], "107": [4.3625078, 52.0125895], "108": [4.3625985, 52.0127502], "109": [4.3596217, 52.013548], "110": [4.3602984, 52.0138364], "111": [4.3591656, 52.014011], "112": [4.3632161, 52.0135142], "113": [4.36423, 52.0139699], "114": [4.362872, 52.0137881], "115": [4.3546252, 52.0136337], "116": [4.3542933, 52.0140152], "117": [4.3556085, 52.013934], "118": [4.3607968, 52.0135605], "119": [4.3605339, 52.0137817], "120": [4.3612804, 52.0136531], "121": [4.3610382, 52.0140062], "122": [4.3574495, 52.0134623], "123": [4.3578383, 52.0141286], "124": [4.3537537, 52.0138173], "125": [4.353753, 52.0143304], "126": [4.3638491, 52.014234], "127": [4.3646875, 52.0136813], "128": [4.3673992, 52.0139547], "129": [4.3672419, 52.0141574], "130": [4.3683185, 52.0143316], "131": [4.3589161, 52.0142301], "132": [4.3593738, 52.0144314], "133": [4.3637678, 52.014299], "134": [4.3555193, 52.0143406], "135": [4.3568623, 52.0149018], "136": [4.3547899, 52.0150413], "137": [4.3559564, 52.0138575], "138": [4.3552985, 52.0142615], "139": [4.3614448, 52.0143207], "140": [4.3686391, 52.0144727], "141": [4.3685718, 52.0139959], "142": [4.3657515, 52.0143887], "143": [4.3663137, 52.0148763], "144": [4.3645744, 52.0143708], "145": [4.3684794, 52.0146525], "146": [4.3593222, 52.0147403], "147": [4.3589166, 52.015115], "148": [4.358608, 52.014426], "149": [4.3682698, 52.0149247], "150": [4.3685758, 52.0150144], "151": [4.3628866, 52.0149527], "152": [4.3630211, 52.0148492], "153": [4.3650212, 52.0110326], "154": [4.3652297, 52.0108451], "155": [4.3565717, 52.0130408], "156": [4.3564041, 52.0132713], "157": [4.3563545, 52.0129854], "158": [4.3628655, 52.0139244], "159": [4.3621741, 52.0144844], "160": [4.3621781, 52.0136387], "161": [4.3616175, 52.0142538], "162": [4.3594076, 52.0133166], "163": [4.3633628, 52.0145968], "164": [4.3662754, 52.014345], "165": [4.3660977, 52.0143228], "166": [4.3662062, 52.01442], "167": [4.3668487, 52.0145442], "168": [4.3581338, 52.0141515], "169": [4.3580433, 52.0142252], "170": [4.3593832, 52.014105], "171": [4.3604749, 52.0118973], "172": [4.3607515, 52.0119535], "173": [4.3605755, 52.0117633], "174": [4.3602002, 52.0119015], "175": [4.3655708, 52.0110487], "176": [4.3666906, 52.0111017], "177": [4.3665183, 52.014952], "178": [4.3680241, 52.0148807], "179": [4.3665942, 52.0148716], "180": [4.3669181, 52.014626], "181": [4.3683405, 52.012084], "182": [4.3683535, 52.0115708], "183": [4.3652734, 52.0133819], "184": [4.3651824, 52.0133417], "185": [4.3658892, 52.0130497], "186": [4.3660076, 52.0129701], "187": [4.3664997, 52.0127059], "188": [4.362304, 52.0135361], "189": [4.3606143, 52.0128751], "190": [4.3584472, 52.0149145], "191": [4.3581153, 52.0146123], "192": [4.3577636, 52.0144585], "193": [4.3582116, 52.0148102], "194": [4.3581554, 52.0104831], "195": [4.3579953, 52.0107676], "196": [4.3573967, 52.0115524], "197": [4.3581153, 52.0113428], "198": [4.3582572, 52.0111419], "199": [4.3579993, 52.0115105], "200": [4.3576163, 52.0116196], "201": [4.3578573, 52.0117038], "202": [4.3607132, 52.011822], "203": [4.361473, 52.012254], "204": [4.3560187, 52.0137759], "205": [4.3573841, 52.0144589], "206": [4.3584004, 52.0109094], "207": [4.3588641, 52.0113739], "208": [4.3593623, 52.0115706], "209": [4.3585706, 52.0117059], "210": [4.3586903, 52.0117499], "211": [4.3596307, 52.0120731], "212": [4.3584968, 52.0119572], "213": [4.3593675, 52.0123007], "214": [4.362135, 52.0125293], "215": [4.3622868, 52.0124708], "216": [4.3634801, 52.0121423], "217": [4.3622523, 52.012583], "218": [4.3624138, 52.0126617], "219": [4.362669, 52.0130175], "220": [4.3651194, 52.0138773], "221": [4.3646236, 52.0137793], "222": [4.3541286, 52.0117863], "223": [4.3679227, 52.0132775], "224": [4.3681012, 52.0110236], "225": [4.3670457, 52.0112063], "226": [4.3659724, 52.0114847], "227": [4.3672086, 52.0116931], "228": [4.3600769, 52.0140062], "229": [4.3598153, 52.0140009], "230": [4.359604, 52.0141963], "231": [4.3540966, 52.0120981], "232": [4.3542406, 52.0120824], "233": [4.3542158, 52.0122025], "234": [4.3543129, 52.012303], "235": [4.3540456, 52.0119979], "236": [4.3542309, 52.0119779], "237": [4.3543415, 52.0118807], "238": [4.3639271, 52.0143798], "239": [4.365951, 52.012016], "240": [4.364977, 52.0118708], "241": [4.3645403, 52.0107027], "242": [4.3663843, 52.0113387], "243": [4.3626911, 52.0117692], "244": [4.363129, 52.0123966], "245": [4.3642523, 52.0129136], "246": [4.3576197, 52.0142876], "247": [4.3571006, 52.0150086], "248": [4.356781, 52.0104198], "249": [4.3618939, 52.0103778], "250": [4.362389, 52.0111449], "251": [4.3620242, 52.0114627], "252": [4.3573329, 52.0135704], "253": [4.3567828, 52.0133774], "254": [4.3672629, 52.0114561],