{"val_episode":150,"agent_gate_2_true_return":-552954.25,"val_avg_return":-1.506156e+06,"avg_true_return":-552954.25,"_wandb":{"runtime":504},"_runtime":504,"agent_gate_2_normalized_return":-10.86329162860435,"total_normalized_return":-10.86329162860435,"total_true_return":-552954.25,"_timestamp":1.769807194363324e+09,"val_agent_gate_2_return":-1.506156e+06,"episode_steps":600,"avg_normalized_return":-10.86329162860435,"val_return_std":538007.6875,"episode":150,"_step":157}