{"episode_steps":600,"_wandb":{"runtime":500},"val_episode":100,"val_return_std":1.83417536e+08,"_step":104,"total_true_return":-3.47440192e+08,"episode":100,"total_normalized_return":-1.093814006921161,"val_agent_gate_2_return":-4.0931408e+08,"avg_normalized_return":-1.093814006921161,"agent_gate_2_normalized_return":-1.093814006921161,"_runtime":500,"avg_true_return":-3.47440192e+08,"val_avg_return":-4.0931408e+08,"agent_gate_2_true_return":-3.47440192e+08,"_timestamp":1.769772938749111e+09}