{"_timestamp":1.7697824185628211e+09,"val_episode":100,"_step":104,"episode":100,"agent_gate_2_normalized_return":-0.37378408229440757,"_wandb":{"runtime":238},"_runtime":238,"total_true_return":-567265,"val_avg_return":-702389.125,"avg_true_return":-567265,"episode_steps":600,"val_agent_gate_2_return":-702389.125,"avg_normalized_return":-0.37378408229440757,"total_normalized_return":-0.37378408229440757,"agent_gate_2_true_return":-567265,"val_return_std":75264.09375}