{"episode_steps":600,"_runtime":269,"val_avg_return":-592874.75,"val_return_std":15916.7919921875,"_step":104,"agent_gate_2_true_return":-476806.40625,"total_true_return":-476806.40625,"total_normalized_return":-5.621407363373109,"episode":100,"val_agent_gate_2_return":-592874.75,"_timestamp":1.769790840138957e+09,"avg_normalized_return":-5.621407363373109,"agent_gate_2_normalized_return":-5.621407363373109,"avg_true_return":-476806.40625,"val_episode":100,"_wandb":{"runtime":269}}