{"avg_normalized_return":-2.5086948442795145,"total_true_return":-757418.8125,"avg_true_return":-757418.8125,"val_agent_gate_2_return":-818210.6875,"_timestamp":1.7697820896336188e+09,"_step":104,"val_avg_return":-818210.6875,"agent_gate_2_true_return":-757418.8125,"val_return_std":247987.59375,"_runtime":356,"total_normalized_return":-2.5086948442795145,"episode":100,"episode_steps":600,"agent_gate_2_normalized_return":-2.5086948442795145,"val_episode":100,"_wandb":{"runtime":356}}