{"avg_normalized_return":-6.8848204045099735,"avg_true_return":-776560.8125,"_timestamp":1.769774162285225e+09,"_wandb":{"runtime":353},"agent_gate_2_true_return":-776560.8125,"episode_steps":600,"val_episode":100,"val_return_std":159540.015625,"_step":104,"agent_gate_2_normalized_return":-6.8848204045099735,"total_true_return":-776560.8125,"episode":100,"total_normalized_return":-6.8848204045099735,"_runtime":353,"val_agent_gate_2_return":-602797.4375,"val_avg_return":-602797.4375}