{"_timestamp":1.7697023523014872e+09,"agent_gate_2_true_return":-759.1780395507812,"_runtime":287,"agent_gate_2_normalized_return":-759.1780395507812,"episode":100,"total_true_return":-759.1780395507812,"avg_normalized_return":-759.1780395507812,"avg_true_return":-759.1780395507812,"_wandb":{"runtime":287},"_step":99,"episode_steps":600,"total_normalized_return":-759.1780395507812}