{"agent_gate_2_normalized_return":-2.755502424172696,"avg_normalized_return":-2.755502424172696,"episode_steps":600,"val_episode":100,"val_agent_gate_2_return":-766223.75,"_step":109,"val_avg_return":-766223.75,"val_return_std":128237,"_wandb":{"runtime":455},"episode":100,"avg_true_return":-626991.4375,"total_normalized_return":-2.755502424172696,"agent_gate_2_true_return":-626991.4375,"_runtime":455,"total_true_return":-626991.4375,"_timestamp":1.769726060207354e+09}