{"avg_true_return":-5.04782944e+08,"val_avg_return":-2.74244288e+08,"val_return_std":1.868928e+08,"agent_gate_2_true_return":-5.04782944e+08,"_timestamp":1.7696877306368902e+09,"val_episode":100,"avg_normalized_return":-0.7610571697426233,"episode_steps":600,"total_normalized_return":-0.7610571697426233,"_step":109,"_wandb":{"runtime":364},"val_agent_gate_2_return":-2.74244288e+08,"episode":100,"_runtime":364,"total_true_return":-5.04782944e+08,"agent_gate_2_normalized_return":-0.7610571697426233}