{"val_return_std":1.26527664e+08,"episode":50,"_timestamp":1.7696917890084321e+09,"agent_gate_2_true_return":-2.50836288e+08,"total_true_return":-2.50836288e+08,"val_agent_gate_2_return":-2.92981184e+08,"total_normalized_return":-2.449596200850161,"val_episode":50,"avg_true_return":-2.50836288e+08,"avg_normalized_return":-2.449596200850161,"_wandb":{"runtime":205},"episode_steps":600,"val_avg_return":-2.92981184e+08,"_runtime":205,"_step":54,"agent_gate_2_normalized_return":-2.449596200850161}