{"val_avg_return":-2.03358976e+08,"episode_steps":600,"total_true_return":-3.51004992e+08,"val_episode":200,"_timestamp":1.769638447841932e+09,"total_normalized_return":-0.0018403400319568386,"avg_true_return":-3.51004992e+08,"avg_normalized_return":-0.0018403400319568386,"_step":209,"episode":200,"val_return_std":1.79142448e+08,"agent_gate_2_normalized_return":-0.0018403400319568386,"_runtime":733,"_wandb":{"runtime":733},"agent_gate_2_true_return":-3.51004992e+08,"val_agent_gate_2_return":-2.03358976e+08}