{"_timestamp":1.769721265092261e+09,"episode":100,"episode_steps":600,"val_return_std":163536.875,"avg_true_return":-753290.5625,"val_agent_gate_2_return":-741917.6875,"_step":109,"val_avg_return":-741917.6875,"avg_normalized_return":-11.914315113252842,"val_episode":100,"_wandb":{"runtime":388},"total_normalized_return":-11.914315113252842,"_runtime":388,"agent_gate_2_true_return":-753290.5625,"total_true_return":-753290.5625,"agent_gate_2_normalized_return":-11.914315113252842}