{"episode_steps":600,"total_true_return":-2.59420375e+06,"val_return_std":6.159378432e+10,"agent_gate_2_normalized_return":-0.000816684306370645,"_timestamp":1.7697716508041868e+09,"total_normalized_return":-0.000816684306370645,"_wandb":{"runtime":614},"agent_gate_2_true_return":-2.59420375e+06,"val_episode":150,"avg_normalized_return":-0.000816684306370645,"val_agent_gate_2_return":-2.8566513664e+10,"_runtime":614,"_step":164,"episode":150,"avg_true_return":-2.59420375e+06,"val_avg_return":-2.8566515712e+10}