{"agent_gate_2_normalized_return":-0.688013201102343,"total_true_return":-86459.671875,"episode_steps":600,"avg_normalized_return":-0.688013201102343,"_timestamp":1.769518066692927e+09,"_step":99,"total_normalized_return":-0.688013201102343,"episode":100,"_wandb":{"runtime":359},"avg_true_return":-86459.671875,"_runtime":359,"agent_gate_2_true_return":-86459.671875}