{"val_episode":100,"_wandb":{"runtime":373},"episode":100,"val_agent_gate_2_return":2835.19287109375,"episode_steps":600,"avg_true_return":2949.70703125,"avg_normalized_return":0.9246425599511866,"val_return_std":1215.7716064453125,"_runtime":373,"val_avg_return":2835.19287109375,"agent_gate_2_true_return":2949.70703125,"total_normalized_return":0.9246425599511866,"agent_gate_2_normalized_return":0.9246425599511866,"_timestamp":1.7696885913488798e+09,"_step":109,"total_true_return":2949.70703125}