{"avg_normalized_return":-11.786041790861416,"episode":50,"total_normalized_return":-11.786041790861416,"_wandb":{"runtime":205},"_runtime":205,"val_episode":50,"episode_steps":600,"avg_true_return":-120.5206298828125,"total_true_return":-120.5206298828125,"val_return_std":51.81074523925781,"_step":54,"agent_gate_2_normalized_return":-11.786041790861416,"agent_gate_2_true_return":-120.5206298828125,"val_avg_return":-96.00663757324219,"_timestamp":1.7696962337345998e+09,"val_agent_gate_2_return":-96.00663757324219}