{"avg_true_return":-79112.5546875,"total_normalized_return":-0.2509746541282638,"_step":99,"_timestamp":1.769463965023015e+09,"episode_steps":600,"_runtime":320,"episode":100,"agent_gate_2_true_return":-79112.5546875,"total_true_return":-79112.5546875,"_wandb":{"runtime":320},"agent_gate_2_normalized_return":-0.2509746541282638,"avg_normalized_return":-0.2509746541282638}