{"episode":100,"total_true_return":-11190.7236328125,"episode_steps":600,"_runtime":368,"val_episode":100,"agent_gate_2_normalized_return":-11190.7236328125,"avg_true_return":-11190.7236328125,"_wandb":{"runtime":368},"total_normalized_return":-11190.7236328125,"agent_gate_2_true_return":-11190.7236328125,"val_agent_gate_2_return":-11153.61328125,"avg_normalized_return":-11190.7236328125,"val_avg_return":-11153.61328125,"val_return_std":93.1884765625,"_step":109,"_timestamp":1.769772155005664e+09}