{"avg_true_return":-5.63568064e+08,"_timestamp":1.769693881017239e+09,"val_avg_return":-1.82796016e+08,"val_return_std":7.222688e+07,"total_normalized_return":-4.889759659448819,"episode_steps":600,"episode":50,"agent_gate_2_normalized_return":-4.889759659448819,"_wandb":{"runtime":167},"_step":54,"_runtime":167,"agent_gate_2_true_return":-5.63568064e+08,"val_episode":50,"val_agent_gate_2_return":-1.82796016e+08,"total_true_return":-5.63568064e+08,"avg_normalized_return":-4.889759659448819}