{"val_avg_return":-331904.15625,"_runtime":195,"val_agent_gate_2_return":-331904.15625,"episode_steps":600,"_step":52,"val_episode":50,"val_return_std":139090.875,"_timestamp":1.7696349689609249e+09,"_wandb":{"runtime":195},"total_true_return":-178093.46875,"agent_gate_2_true_return":-178093.46875,"total_normalized_return":-0.008979024823292278,"agent_gate_2_normalized_return":-0.008979024823292278,"avg_true_return":-178093.46875,"avg_normalized_return":-0.008979024823292278,"episode":50}