{"agent_gate_2_true_return":-526411.0625,"val_return_std":18932.21484375,"_step":157,"avg_normalized_return":-10.963579899729856,"agent_gate_2_normalized_return":-10.963579899729856,"_wandb":{"runtime":435},"_runtime":435,"val_episode":150,"episode_steps":600,"episode":150,"avg_true_return":-526411.0625,"val_agent_gate_2_return":-576991.6875,"total_normalized_return":-10.963579899729856,"_timestamp":1.7698078762928388e+09,"val_avg_return":-576991.6875,"total_true_return":-526411.0625}