{"_runtime":263,"agent_gate_2_normalized_return":-0.6194935257527169,"_wandb":{"runtime":263},"avg_normalized_return":-0.6194935257527169,"episode":100,"agent_gate_2_true_return":-3834.131103515625,"_step":99,"avg_true_return":-3834.131103515625,"_timestamp":1.7695176811106e+09,"total_normalized_return":-0.6194935257527169,"total_true_return":-3834.131103515625,"episode_steps":600}