{"episode":100,"total_normalized_return":-3.5564903004267943,"_runtime":284,"agent_gate_2_normalized_return":-3.5564903004267943,"total_true_return":-2.04092464e+08,"episode_steps":600,"avg_normalized_return":-3.5564903004267943,"_timestamp":1.769701517321279e+09,"_wandb":{"runtime":284},"_step":99,"avg_true_return":-2.04092464e+08,"agent_gate_2_true_return":-2.04092464e+08}