{"agent_gate_2_true_return":-824719.25,"avg_true_return":-824719.25,"agent_gate_2_normalized_return":-2.5164696891599934,"_runtime":310,"val_episode":100,"val_return_std":48953.203125,"val_agent_gate_2_return":-787128,"total_normalized_return":-2.5164696891599934,"_wandb":{"runtime":310},"val_avg_return":-787128,"episode_steps":600,"episode":100,"avg_normalized_return":-2.5164696891599934,"_step":104,"_timestamp":1.769778273078572e+09,"total_true_return":-824719.25}