{"val_episode":150,"val_avg_return":-515098.40625,"episode_steps":600,"_runtime":454,"_timestamp":1.769808342442631e+09,"total_true_return":-517461.34375,"agent_gate_2_normalized_return":-12.167176129459106,"val_agent_gate_2_return":-515098.40625,"total_normalized_return":-12.167176129459106,"avg_normalized_return":-12.167176129459106,"_step":157,"_wandb":{"runtime":454},"val_return_std":103196.703125,"avg_true_return":-517461.34375,"episode":150,"agent_gate_2_true_return":-517461.34375}