{"_runtime":254,"_wandb":{"runtime":254},"avg_true_return":-378977.875,"val_return_std":83701.703125,"val_agent_gate_2_return":-608069.1875,"total_true_return":-378977.875,"avg_normalized_return":-4.516746064961239,"episode_steps":600,"_step":104,"total_normalized_return":-4.516746064961239,"val_episode":100,"agent_gate_2_true_return":-378977.875,"val_avg_return":-608069.1875,"agent_gate_2_normalized_return":-4.516746064961239,"episode":100,"_timestamp":1.769790413642051e+09}