{"_step":109,"_timestamp":1.769698960660595e+09,"_runtime":313,"_wandb":{"runtime":313},"val_agent_gate_2_return":-111.49986267089844,"agent_gate_2_normalized_return":-15.397441973260955,"agent_gate_2_true_return":-114.55110931396484,"avg_normalized_return":-15.397441973260955,"episode_steps":600,"episode":100,"val_return_std":1.3596817255020142,"avg_true_return":-114.55110931396484,"total_normalized_return":-15.397441973260955,"val_avg_return":-111.49986267089844,"total_true_return":-114.55110931396484,"val_episode":100}