{"val_episode":100,"avg_true_return":-330076.375,"_step":109,"val_return_std":226449.4375,"avg_normalized_return":-5.053572429881849,"agent_gate_2_true_return":-330076.375,"episode_steps":600,"val_avg_return":-677600.9375,"total_true_return":-330076.375,"episode":100,"_timestamp":1.769719543290467e+09,"_wandb":{"runtime":397},"total_normalized_return":-5.053572429881849,"agent_gate_2_normalized_return":-5.053572429881849,"val_agent_gate_2_return":-677600.9375,"_runtime":397}