{"episode_steps":600,"total_normalized_return":8.118826994386659,"_wandb":{"runtime":233},"agent_gate_2_true_return":19664.826171875,"episode":50,"_step":54,"avg_true_return":19664.826171875,"_runtime":233,"total_true_return":19664.826171875,"_timestamp":1.769694928545774e+09,"agent_gate_2_normalized_return":8.118826994386659,"val_return_std":2425.1767578125,"val_agent_gate_2_return":21136.46875,"val_episode":50,"val_avg_return":21136.46875,"avg_normalized_return":8.118826994386659}