{"0": [144.9716133, -37.8084183], "1": [144.9712929, -37.8077726], "2": [144.9720466, -37.8093421], "3": [144.9671114, -37.8108078], "4": [144.965937, -37.8111509], "5": [144.9695718, -37.8100739], "6": [144.9684626, -37.8104063], "7": [144.9689086, -37.8072513], "8": [144.9708573, -37.8074572], "9": [144.9689939, -37.8067258], "10": [144.9575289, -37.8015308], "11": [144.9575754, -37.8009099], "12": [144.9554167, -37.8083378], "13": [144.9537933, -37.8088342], "14": [144.9429733, -37.8054874], "15": [144.9429302, -37.8057835], "16": [144.9469857, -37.807157], "17": [144.9416349, -37.8021176], "18": [144.9427414, -37.802329], "19": [144.941997, -37.8001005], "20": [144.9564598, -37.8037693], "21": [144.9570478, -37.8017835], "22": [144.9662942, -37.8048493], "23": [144.9668895, -37.8049145], "24": [144.9692462, -37.8051695], "25": [144.9695607, -37.8033433], "26": [144.9551395, -37.7995297], "27": [144.9555449, -37.7995011], "28": [144.9705549, -37.797532], "29": [144.9738703, -37.7978888], "30": [144.9703086, -37.7989477], "31": [144.9577027, -37.7970417], "32": [144.9688897, -37.8051312], "33": [144.9567055, -37.8012002], "34": [144.9569341, -37.8013744], "35": [144.9570465, -37.8008393], "36": [144.9563946, -37.8009419], "37": [144.954878, -37.7997293], "38": [144.9541135, -37.8003133], "39": [144.9489351, -37.7986885], "40": [144.9625764, -37.8237214], "41": [144.9552063, -37.8211396], "42": [144.959919, -37.8197029], "43": [144.9449192, -37.8151327], "44": [144.946722, -37.8189307], "45": [144.9484358, -37.8185355], "46": [144.9473593, -37.8209759], "47": [144.9428115, -37.8127644], "48": [144.9432898, -37.8127914], "49": [144.9486018, -37.8206123], "50": [144.9571467, -37.8253057], "51": [144.957559, -37.8251533], "52": [144.956886, -37.8252001], "53": [144.9569589, -37.8248662], "54": [144.9572759, -37.8250304], "55": [144.9525307, -37.8217203], "56": [144.9549332, -37.8210097], "57": [144.9397074, -37.8141189], "58": [144.9433429, -37.8002413], "59": [144.9447485, -37.8061722], "60": [144.9442868, -37.8059755], "61": [144.9455347, -37.8085026], "62": [144.9483539, -37.8058768], "63": [144.9475857, -37.8066009], "64": [144.9607696, -37.8126526], "65": [144.9703234, -37.8232457], "66": [144.9690251, -37.820589], "67": [144.9708347, -37.8230962], "68": [144.9601195, -37.8259919], "69": [144.9699519, -37.8234214], "70": [144.9705324, -37.8246789], "71": [144.9639251, -37.8225858], "72": [144.9652507, -37.8230438], "73": [144.9656244, -37.8112436], "74": [144.9724316, -37.8159119], "75": [144.9721655, -37.8153458], "76": [144.9599639, -37.8256687], "77": [144.9603494, -37.8256371], "78": [144.9605972, -37.8258447], "79": [144.9738028, -37.8216513], "80": [144.9713389, -37.8229357], "81": [144.9713594, -37.8237039], "82": [144.9734555, -37.8220736], "83": [144.9742861, -37.8157976], "84": [144.9734012, -37.8157754], "85": [144.9740688, -37.8155851], "86": [144.9719458, -37.8079577], "87": [144.970525, -37.8075598], "88": [144.9688027, -37.8080634], "89": [144.9565552, -37.8253314], "90": [144.9507698, -37.8010729], "91": [144.9514075, -37.8011781], "92": [144.9459721, -37.8005454], "93": [144.9512078, -37.8032925], "94": [144.950326, -37.8030858], "95": [144.9539493, -37.8036141], "96": [144.9534359, -37.8035326], "97": [144.9518538, -37.8032587], "98": [144.9525008, -37.8033324], "99": [144.9433046, -37.805462], "100": [144.9530416, -37.8013644], "101": [144.9503427, -37.8134164], "102": [144.9500172, -37.8132028], "103": [144.9513213, -37.8131366], "104": [144.9480859, -37.8114943], "105": [144.9478076, -37.811029], "106": [144.9452516, -37.8118467], "107": [144.9447568, -37.812077], "108": [144.9453987, -37.8123715], "109": [144.9556396, -37.8085263], "110": [144.9661578, -37.8231835], "111": [144.9673683, -37.8233836], "112": [144.9441947, -37.8196757], "113": [144.9437638, -37.8198032], "114": [144.9460994, -37.819112], "115": [144.9427235, -37.8200987], "116": [144.9490828, -37.8088197], "117": [144.949796, -37.8097504], "118": [144.948388, -37.8081088], "119": [144.9582379, -37.8039689], "120": [144.9578002, -37.8030248], "121": [144.9586451, -37.8040156], "122": [144.9581447, -37.8029301], "123": [144.9635408, -37.8003457], "124": [144.9577305, -37.7997451], "125": [144.9652334, -37.8047367], "126": [144.9710871, -37.8097472], "127": [144.9685561, -37.8050952], "128": [144.9694864, -37.7974144], "129": [144.9698659, -37.7974551], "130": [144.9681895, -37.797269], "131": [144.9657005, -37.7984348], "132": [144.9644176, -37.7984413], "133": [144.9665567, -37.7985406], "134": [144.9701401, -37.7993182], "135": [144.970083, -37.8002802], "136": [144.9439402, -37.7999919], "137": [144.9443445, -37.800324], "138": [144.9427488, -37.7988158], "139": [144.9500116, -37.8100669], "140": [144.9506001, -37.8098988], "141": [144.9501256, -37.8105069], "142": [144.9428347, -37.8069162], "143": [144.9432615, -37.8075748], "144": [144.9587641, -37.8241483], "145": [144.9585022, -37.8243635], "146": [144.9577926, -37.8249766], "147": [144.9607294, -37.8231755], "148": [144.9658946, -37.8006225], "149": [144.9650423, -37.8005301], "150": [144.9665876, -37.8006976], "151": [144.9643346, -37.8004539], "152": [144.9640543, -37.8004652], "153": [144.9699385, -37.7989033], "154": [144.9449896, -37.805864], "155": [144.9453284, -37.8064246], "156": [144.9463264, -37.7985063], "157": [144.9463771, -37.8067796], "158": [144.9497042, -37.8030171], "159": [144.9580407, -37.7972307], "160": [144.9579842, -37.7977023], "161": [144.9477004, -37.8050015], "162": [144.9468273, -37.804916], "163": [144.9551494, -37.8028571], "164": [144.9541911, -37.8020886], "165": [144.9527496, -37.8011813], "166": [144.9519895, -37.8011496], "167": [144.973141, -37.8077222], "168": [144.9420324, -37.820391], "169": [144.9448142, -37.8004019], "170": [144.9409157, -37.7973431], "171": [144.9406862, -37.7971281], "172": [144.9422483, -37.7983532], "173": [144.9576282, -37.7976694], "174": [144.9718229, -37.8145907], "175": [144.9715791, -37.8140656], "176": [144.9728631, -37.8093039], "177": [144.9729731, -37.8112983], "178": [144.9744515, -37.8094622], "179": [144.9551415, -37.8215737], "180": [144.9545409, -37.8213482], "181": [144.9562884, -37.8239191], "182": [144.9536687, -37.8216156], "183": [144.9675285, -37.8175088], "184": [144.969961, -37.8167927], "185": [144.9603663, -37.8201323], "186": [144.9601921, -37.8196309], "187": [144.9614592, -37.8199932], "188": [144.9610093, -37.8192572], "189": [144.9605247, -37.8183567], "190": [144.9625514, -37.8188115], "191": [144.9648646, -37.8181351], "192": [144.9704756, -37.8099277], "193": [144.9703457, -37.8114417], "194": [144.9598849, -37.8130167], "195": [144.9613279, -37.812599], "196": [144.9567039, -37.8139334], "197": [144.9686095, -37.8201861], "198": [144.9619198, -37.8174195], "199": [144.9554696, -37.8036579], "200": [144.9549738, -37.803604], "201": [144.942887, -37.8061001], "202": [144.9459263, -37.8079675], "203": [144.9431654, -37.80444], "204": [144.9432845, -37.8037439], "205": [144.9452222, -37.8046637], "206": [144.9460673, -37.8047509], "207": [144.9452112, -37.8043621], "208": [144.9446097, -37.8047041], "209": [144.9435437, -37.8029623], "210": [144.9493225, -37.8052138], "211": [144.9730649, -37.808094], "212": [144.9735354, -37.8053687], "213": [144.9743363, -37.8082121], "214": [144.9743934, -37.8078619], "215": [144.969824, -37.8018142], "216": [144.943968, -37.8079111], "217": [144.9560278, -37.804923], "218": [144.9575051, -37.8039779], "219": [144.9590032, -37.8047901], "220": [144.9586631, -37.8048861], "221": [144.960361, -37.8043006], "222": [144.9545957, -37.8035598], "223": [144.9593917, -37.8063184], "224": [144.9583459, -37.8060861], "225": [144.9571074, -37.8059444], "226": [144.9596808, -37.8062308], "227": [144.9594945, -37.8058171], "228": [144.9591398, -37.8059157], "229": [144.9618472, -37.804464], "230": [144.9631752, -37.8045938], "231": [144.9561057, -37.8058318],