{"val_avg_return":-549203,"agent_gate_2_true_return":-563129.6875,"episode_steps":600,"agent_gate_2_normalized_return":-7.948062530548251,"_timestamp":1.769809360243096e+09,"val_agent_gate_2_return":-549203,"total_normalized_return":-7.948062530548251,"avg_true_return":-563129.6875,"_wandb":{"runtime":408},"avg_normalized_return":-7.948062530548251,"_step":157,"val_episode":150,"_runtime":408,"total_true_return":-563129.6875,"episode":150,"val_return_std":15177.6279296875}