{"_timestamp":1.7697725516961439e+09,"val_avg_return":-11236.419921875,"avg_normalized_return":-17.943208430388754,"agent_gate_2_true_return":-11367.595703125,"episode":100,"total_true_return":-11367.595703125,"total_normalized_return":-17.943208430388754,"val_episode":100,"_wandb":{"runtime":339},"_step":104,"avg_true_return":-11367.595703125,"_runtime":339,"episode_steps":600,"val_return_std":66.98104095458984,"val_agent_gate_2_return":-11236.419921875,"agent_gate_2_normalized_return":-17.943208430388754}