{"agent_gate_2_true_return":-833221.5625,"_wandb":{"runtime":383},"_timestamp":1.7697900592450812e+09,"_step":104,"val_episode":100,"episode_steps":600,"episode":100,"avg_normalized_return":-3.5157161410742988,"agent_gate_2_normalized_return":-3.5157161410742988,"avg_true_return":-833221.5625,"_runtime":383,"val_agent_gate_2_return":-745607.3125,"val_return_std":156795.4375,"total_normalized_return":-3.5157161410742988,"val_avg_return":-745607.3125,"total_true_return":-833221.5625}