{"total_true_return":-709824.875,"val_avg_return":-857412.875,"episode":100,"agent_gate_2_normalized_return":-14.372865083768056,"_wandb":{"runtime":286},"_step":104,"val_episode":100,"total_normalized_return":-14.372865083768056,"agent_gate_2_true_return":-709824.875,"val_agent_gate_2_return":-857412.875,"avg_normalized_return":-14.372865083768056,"_runtime":286,"val_return_std":237548.640625,"episode_steps":600,"avg_true_return":-709824.875,"_timestamp":1.769806666031544e+09}