{"episode_steps":600,"avg_normalized_return":-0.018733293299499822,"agent_gate_2_normalized_return":-0.018733293299499822,"val_avg_return":-3.2470105e+06,"_runtime":659,"val_agent_gate_2_return":-3.2470105e+06,"total_normalized_return":-0.018733293299499822,"agent_gate_2_true_return":-6.678226e+06,"val_episode":200,"_step":209,"episode":200,"total_true_return":-6.678226e+06,"_wandb":{"runtime":659},"avg_true_return":-6.678226e+06,"_timestamp":1.7697872461916108e+09,"val_return_std":2.13379125e+06}