{"episode":100,"_wandb":{"runtime":340},"avg_true_return":-85800.3046875,"total_true_return":-85800.3046875,"episode_steps":600,"agent_gate_2_normalized_return":-5.929288718004771,"_timestamp":1.769464969619197e+09,"total_normalized_return":-5.929288718004771,"avg_normalized_return":-5.929288718004771,"agent_gate_2_true_return":-85800.3046875,"_step":99,"_runtime":340}