{"episode":50,"_runtime":140,"val_episode":50,"val_avg_return":-3.38411008e+08,"avg_true_return":-1.75403856e+08,"total_normalized_return":-0.023339258218847022,"_timestamp":1.769693703124884e+09,"agent_gate_2_normalized_return":-0.023339258218847022,"total_true_return":-1.75403856e+08,"agent_gate_2_true_return":-1.75403856e+08,"val_agent_gate_2_return":-3.38411008e+08,"_step":54,"_wandb":{"runtime":140},"val_return_std":9.9427744e+07,"avg_normalized_return":-0.023339258218847022,"episode_steps":600}