{"_step":109,"total_normalized_return":-12.72993532560007,"val_return_std":189129.421875,"episode_steps":600,"val_episode":100,"avg_true_return":-867444.8125,"_runtime":331,"val_agent_gate_2_return":-779582.625,"agent_gate_2_true_return":-867444.8125,"agent_gate_2_normalized_return":-12.72993532560007,"avg_normalized_return":-12.72993532560007,"_timestamp":1.769720007808547e+09,"val_avg_return":-779582.5625,"total_true_return":-867444.8125,"_wandb":{"runtime":331},"episode":100}