{"_wandb":{"runtime":536},"total_normalized_return":-0.40129730149525233,"_step":157,"val_episode":150,"val_agent_gate_2_return":-778205.5,"episode_steps":600,"agent_gate_2_normalized_return":-0.40129730149525233,"agent_gate_2_true_return":-766721.9375,"total_true_return":-766721.9375,"episode":150,"avg_true_return":-766721.9375,"_runtime":536,"avg_normalized_return":-0.40129730149525233,"val_avg_return":-778205.5,"val_return_std":158299.328125,"_timestamp":1.769789298926931e+09}