{"agent_gate_2_normalized_return":-4.085270742686781,"episode":150,"_runtime":526,"_wandb":{"runtime":526},"avg_true_return":-768141.5625,"avg_normalized_return":-4.085270742686781,"total_normalized_return":-4.085270742686781,"val_return_std":144868.6875,"_timestamp":1.76977089624112e+09,"total_true_return":-768141.5625,"_step":164,"agent_gate_2_true_return":-768141.5625,"episode_steps":600,"val_episode":150,"val_avg_return":-800463.625,"val_agent_gate_2_return":-800463.625}