{"avg_normalized_return":-9.253928834177499,"agent_gate_2_normalized_return":-9.253928834177499,"_wandb":{"runtime":347},"_runtime":347,"episode_steps":600,"agent_gate_2_true_return":-136596.390625,"_step":99,"total_true_return":-136596.390625,"episode":100,"_timestamp":1.7694436095806699e+09,"avg_true_return":-136596.390625,"total_normalized_return":-9.253928834177499}