{"episode":150,"avg_normalized_return":-2.9087076390259674,"total_normalized_return":-2.9087076390259674,"agent_gate_2_true_return":-613035.6875,"_runtime":528,"_timestamp":1.769788478232509e+09,"total_true_return":-613035.6875,"_wandb":{"runtime":528},"agent_gate_2_normalized_return":-2.9087076390259674,"episode_steps":600,"avg_true_return":-613035.6875,"_step":157,"val_episode":150,"val_agent_gate_2_return":-786777.1875,"val_return_std":289882.21875,"val_avg_return":-786777.1875}