{"val_agent_gate_2_return":-810640.3125,"total_true_return":-804123.875,"val_episode":100,"_timestamp":1.769777958614613e+09,"val_return_std":88107.578125,"agent_gate_2_true_return":-804123.875,"avg_normalized_return":-2.3327556379281607,"_runtime":291,"val_avg_return":-810640.3125,"_step":104,"avg_true_return":-804123.875,"episode":100,"_wandb":{"runtime":291},"total_normalized_return":-2.3327556379281607,"episode_steps":600,"agent_gate_2_normalized_return":-2.3327556379281607}