{"total_normalized_return":-2.975529267698123,"_wandb":{"runtime":472},"avg_true_return":-845119.5625,"val_agent_gate_2_return":-729238,"avg_normalized_return":-2.975529267698123,"_runtime":472,"agent_gate_2_true_return":-845119.5625,"val_episode":100,"agent_gate_2_normalized_return":-2.975529267698123,"episode":100,"episode_steps":600,"val_avg_return":-729238,"total_true_return":-845119.5625,"_timestamp":1.7697734528406541e+09,"val_return_std":215867.5,"_step":104}