{"episode_steps":500,"_wandb":{"runtime":728},"avg_true_return":-257929.203125,"_step":109,"val_episode":100,"avg_normalized_return":-0.9899746758917034,"agent_gate_23_normalized_return":-0.9899746758917034,"val_avg_return":-433383,"agent_gate_23_true_return":-257929.203125,"total_true_return":-257929.203125,"_timestamp":1.769722547678608e+09,"total_normalized_return":-0.9899746758917034,"_runtime":728,"val_return_std":241680.046875,"episode":100,"val_agent_gate_23_return":-433383}