{"agent_gate_2_normalized_return":-0.00016115368280459648,"avg_true_return":-1.2428608e+08,"val_agent_gate_2_return":-1.63589664e+08,"episode":100,"_runtime":268,"val_avg_return":-1.63589664e+08,"total_true_return":-1.2428608e+08,"_step":109,"val_episode":100,"avg_normalized_return":-0.00016115368280459648,"episode_steps":600,"total_normalized_return":-0.00016115368280459648,"_timestamp":1.7697008474290628e+09,"val_return_std":2.885107e+07,"_wandb":{"runtime":268},"agent_gate_2_true_return":-1.2428608e+08}