{"total_normalized_return":-2.2804291418449822,"_runtime":532,"avg_true_return":-502723.5625,"total_true_return":-502723.5625,"val_avg_return":-1.476526375e+06,"_wandb":{"runtime":532},"_timestamp":1.7698108119308631e+09,"val_return_std":511458.65625,"val_agent_gate_2_return":-1.476526375e+06,"agent_gate_2_true_return":-502723.5625,"episode":200,"val_episode":200,"agent_gate_2_normalized_return":-2.2804291418449822,"avg_normalized_return":-2.2804291418449822,"episode_steps":600,"_step":209}