{"val_agent_gate_2_return":-1.51503808e+08,"_timestamp":1.769635350937069e+09,"total_true_return":-1.4970824e+08,"agent_gate_2_normalized_return":-0.7545414142092673,"val_avg_return":-1.51503808e+08,"episode":100,"avg_true_return":-1.4970824e+08,"avg_normalized_return":-0.7545414142092673,"total_normalized_return":-0.7545414142092673,"agent_gate_2_true_return":-1.4970824e+08,"val_return_std":0,"_runtime":272,"val_episode":100,"_step":104,"_wandb":{"runtime":272},"episode_steps":600}